SMILES,Cp
*CC(*)(C)C,1751.4745422946773
*CC(*)C(=O)OC,1348.4090549778675
*CCO*,1909.5279761360584
*CCCCO*,1980.6670224798174
*Oc1ccc(*)cc1,1285.2583882903546
*c1ccc(Oc2ccc(-n3c(=O)c4cc5c(=O)n(*)c(=O)c5cc4c3=O)cc2)cc1,1151.9758907046826
*CCCNC(=O)O*,1262.5599356744447
*CC(*)C(=O)O,1323.3872712650646
*CCCCCCCCCCCCCC(=O)O*,1772.5275176641194
*CC(*)OC(C)=O,1357.1073392438518
*CC(*)OC(=O)c1ccc(C(C)(C)C)cc1,1513.3568493190767
*CC(*)OC(=O)c1ccc(CC)cc1,1444.6863442651704
*CC(*)OC(=O)c1ccc(C(C)C)cc1,1454.9608166573203
*CC(*)(CC(=O)OCCCCCCC)C(=O)OCCCCCCC,1727.9262628615875
*CC(*)C(=O)OCC(C)C,1577.0448185039493
*CC(*)(C)C(=O)O,1382.6079230005064
*CC(*)(C)C(=O)OCC(C)C,1605.2459144325858
*CC(*)F,1357.573804209323
*CC(*)(F)F,1065.062206629374
*C(F)C(*)(F)F,917.5933544044287
*C(F)(F)C(*)(F)Cl,785.8216928568804
*CC/C=C(/*)C,1916.4979617049037
*CC(*)C=C,1627.8755099831951
*CCCO*,1702.4518189841133
*CC(CCl)(CCl)CO*,1022.5011177524927
*CCCCCCCCO*,1641.804435588796
*Oc1c(OC)cc(*)cc1OC,1320.0290173110734
*CCOCO*,1508.2863977951183
*CCCCOCO*,1771.756180716399
*c1ccc(Oc2ccc(-c3nc4cc(-c5ccc6nc(-c7ccccc7)c(*)nc6c5)ccc4nc3-c3ccccc3)cc2)cc1,1311.67580379243
*Oc1ccc(Oc2ccc(C(=O)c3ccc(*)cc3)cc2)cc1,1286.8141609903362
*c1ccc(-c2nc3cc4nc(*)oc4cc3o2)cc1,1202.4665508525895
*Oc1ccc(NC(=O)c2cc(C(=O)Nc3ccc(*)cc3)c(C(=O)O)cc2C(=O)O)cc1,1200.4551252256715
*CCOC(=O)c1ccc(C(=O)O*)cc1,1217.386780880819
*CCCCOC(=O)c1ccc(C(=O)O*)cc1,1341.8635886363681
*CCOC(=O)c1ccc2cc(C(=O)O*)ccc2c1,1268.8626551305051
*CCCCCCCCCCCCC(=O)O*,1679.130404094589
*CCCOC(=O)c1ccc(C(=O)O*)cc1,1217.0096751855388
*CC(*)(CC(=O)OCCCCCCCC)C(=O)OCCCCCCCC,1760.0623238056457
*CC(*)(CC(=O)OCCCCCCCCC)C(=O)OCCCCCCCCC,1762.8502320634311
*CC(*)(CC(=O)Oc1ccc(OCCCCCCC)cc1)C(=O)Oc1ccc(OCCCCCCC)cc1,1631.6578496387042
*CC1=CC2C(=NC(O2)c2cccc(c2)C2N=C3C(O2)C=C(C=C3)*)C=C1,1353.71751328426
*Oc1ccc(c(c1)NC(=O)C1C(C(=O)O)C2C1C1C=CC2C(C1C(=O)O)C(=O)Nc1cc(*)ccc1N)N,1302.757407542928
*Nc1ccc(*)cc1,1373.8220371008495
*c1cccc(-c2nnc3c4ccccc4nc(-c4ccc(-c5nc6ccccc6c6nnc(*)n56)cc4)n23)c1,1250.6033128395513
*CC(*)(Cl)Cl,815.7764702543905
*CC(O)COc1ccc(C(C)(C)c2ccc(O*)cc2)cc1,1457.8985843875926
*CC(=O)O*,1193.979416462409
*CCCC(=O)O*,1564.5138379284872
*CCCCC(=O)O*,1576.3770412792899
*CCCCCCCCCCC(=O)O*,1771.4347913633505
*CCCCCCC(=O)O*,1532.5042006904887
*CCCCCCCC(=O)O*,1755.5222111555343
*CCCCCCCCC(=O)O*,1663.2516201482947
*CCCCCCCCCC(=O)O*,1750.5030329775614
*CCCCCCCCCCCC(=O)O*,1932.499513252675
*CCC(=O)O*,1360.7819857888303
*CCCCCCNC(=O)CCCCC(=O)N*,1644.0454048679983
*CC(*)(C)C(=O)OC(OCC)C(F)(F)F,1295.0722867410218
*CC(C)(C)C1CC=C(*)CC1,1720.3408919768906
*c1ccc(Oc2ccc(-c3cc(-c4ccccc4)c4cc5c(-c6ccccc6)cc(*)nc5cc4n3)cc2)cc1,1287.423073202992
*c1ccc(C(=O)NNC(=O)c2ccc(C(=O)NNC(=O)c3ccc(C4(*)OC(=O)c5ccccc54)cc3)cc2)cc1,1256.2929032261363
*CC(C)CNC(=O)O*,1502.4517744500515
*Cc1cc(C(C)(C)c2ccc3c(c2)CN(C)CO3)cc(CN(*)C)c1O,1430.7859081825477
*CC(S(=O)(=O)*)CC,1281.45652636747
*CCCCCCCCCCCCCCCCCCCCCCOC(=O)CCC(=O)O*,1770.812272543636
*C*,1820.8423032263963
*CC(*)C,1780.684349866193
*CC(*)CC,1682.2684545061727
*CC(*)CCC,1847.358057756283
*CC(*)C(C)C,1888.036941487068
*CC(*)CCCC,2053.389519518545
*CC(*)CC(C)C,1889.9627963226765
*CC(*)CCCCC,1963.197840761828
*CC(*)CCC(C)C,1928.1652672730324
*CC(*)CCC(C)CC,1810.7224072442361
*CC(*)CCCCCCC,1938.7966979922332
*CC(*)CCCCCCCC,2025.9311886484202
*CCCC(*)(C)C,1796.2189249689122
*CCCCCCCC(*)C,1899.5720330766974
*CC(*)C1CC1,1797.135416953634
*CC(*)CC1CCCCC1,1756.1997656929623
*CC(*)CCCCCCCCCC,1831.5188739490861
*CC(*)C(C)CC,1830.005615829007
*CC(*)CC(C)(C)C,1820.313132188027
*CC(*)CCCCCCCCCCCCCC,1971.867426647608
*CC(*)CCCCCCCCCCCCC,1983.0260196251982
*CC(*)C1CC=CCC1,1701.1132066884995
*/C=C/C(C*)C(C)CC,1829.6131319173069
*/C=C/CCCCCCCCCC*,2118.4590296163233
*CC/C=C(/*)C(C)(C)C,1794.079148119066
*CC(*)c1ccccc1,1478.9588329893234
*CC(*)c1ccccc1C,1546.6709918792722
*CC(*)c1ccccc1CC,1619.5705476317612
*CC(*)c1ccccc1COCCC,1619.4327772420831
*CC(*)c1ccccc1COC(C)C,1576.1435672134596
*CC(*)c1ccccc1COCCCC,1606.079982457238
*CC(*)c1ccccc1COCCCCC,1641.291560561983
*CC(*)c1ccccc1COCCC(C)C,1637.8578878222568
*CC(*)c1ccc(C(=O)OCCN(C)C)cc1,1471.7489576136481
*CC(*)c1cccc(Cl)c1,1248.3802766007295
*CC(*)c1ccc(C)cc1,1517.5404595980542
*CC(*)c1ccc(C(C)C)cc1,1645.8169495130394
*CC(*)c1ccc(C(C)CC)cc1,1617.1297269908366
*CC(*)c1ccc(CCCCCCCC)cc1,1795.942622301927
*CC(*)c1ccc(CCCCCCCCC)cc1,1819.684902152746
*CC(*)c1ccc(CCCCCCCCCC)cc1,1840.2140816157503
*CC(*)c1ccc(CCCCCCCCCCCC)cc1,1810.052958426352
*CC(*)c1ccc(CCCCCCCCCCCCCC)cc1,1869.5827159153557
*CC(*)c1ccc(CCCCCCCCCCCCCCCC)cc1,1837.6343470182912
*CC(*)c1cc(Br)ccc1OCC,1143.7549687505857
*CC(*)(C(=O)OC)c1ccccc1,1387.3532853097734
*CC(*)OC(=O)CCCCCCCCCCCCCCC,1903.967008339714
*CC(*)OC(=O)CCCCCCCCCCCCCCCCC,1784.8827577532093
*CC(*)O[N+](=O)[O-],1159.4498958274787
*/C=C/C(C)C(*)C(=O)OC,1495.2176087583114
*CC(*)OC(=O)CCCCCCCCCCCCCCCCCCCCC,1904.0943535179738
*CC(*)OCCCCCCCCCCCCCCCCCC,1984.810203809506
*CC(*)C(=O)OCCCCCCCCCCCCCC,1854.749215321254
*CC(*)C(=O)OCCCCCCCCCCCCCCCC,1892.8730831485836
*CC(*)C(=O)OCCCCCCCCCCCCCCCCCC,1850.2541889894994
*CC(*)C(=O)OCCCCCCCCCCCCCCCCCCCCCC,1866.7172102115062
*CC(*)(C)C(=O)OC(C(F)(F)F)(C(F)(F)F)C(F)(F)F,1013.3190712449956
*CC(*)C(=O)NCCCCCCCCCCCCCCCC,1924.4976468616524
*CC(*)C(=O)NCCCCCCCCCCCCCCCCCC,1926.6325449831868
*CC(*)C(=O)Oc1c(Cl)c(Cl)c(Cl)c(Cl)c1Cl,848.8130639906628
*CC(*)C(=O)NCCCCCCCC/C=C/CCCCCCCC,1752.4135809317884
*CCCCCCCCCCC(Cl)C(*)Cl,1560.7382074436728
*/C=C/C(C*)CCC,1810.3445253207778
*CCCCCCCCCCCCO*,1697.4509117686887
*CCCCCCCCCCCCCCCCCCOCO*,1713.4567474635478
*CCCCCCCCCCOCCCCCCOCCCCCCO*,1800.7510657446041
*CCCCCCCCCCOCCCCCCCCCCOCCCCO*,2020.6088325115124
*CCCCCCC(=O)NCCCCCCNC(=O)CCCCCCO*,1643.1994805186787
*CCCCCCCCC(=O)NCCCCCCNC(=O)CCCCCCCCO*,1751.5542842043772
*CCCCCCCCC(=O)NCCCCCOCCCCCNC(=O)CCCO*,1608.0247182802866
*CCCCCCCCCCC(=O)NCCCCCOCCCCCNC(=O)CCCO*,1823.5283593895713
*CCCCCCCCC(=O)NCCCCCOCCCCCNC(=O)CCCCO*,1740.9246048706866
*CCCCCCCCCCC(=O)NCCCCCOCCCCCNC(=O)CCCCO*,1573.7074337258207
*CCCCCNC(=O)CCCCCCOCCCCCCC(=O)NCCCCCO*,1949.5090476492712
*CCCCCNC(=O)CCCCCCCCOCCCCCCCCC(=O)NCCCCCO*,1838.9500144355013
*CCOCCOC(=O)CCCCCCCCCCCCCCCCC(=O)O*,1782.7477974892956
*CCCCCCCCCCCCCCCCCCCCOC(=O)COCC(=O)O*,1705.0742998164972
*CCCCCCCCCCSCCCCCCS*,1682.996264210607
*CCCCCCCCCCCSCCCCCCS*,1731.291841159055
*CCCCCCCCCCC(=O)NCc1ccc(CNC(=O)CCCCCCCCCCS*)cc1,1851.5567248763
*CCCCCCCCCCC(=O)NCCc1ccc(CCNC(=O)CCCCCCCCCCS*)cc1,1795.40433398375
*CCCCCCCCCCSSCCCCCCSS*,1433.6710427886242
*CCCCCCCCCCCCCCCCCCCCOC(=O)CCCCSCCCCC(=O)O*,1961.508995856645
*CCCCCCCCCCOC(=O)CCCCCCC(=O)O*,1500.3432254326303
*CCCCCCCCCOC(=O)CCCCCCCC(=O)O*,1874.542531942293
*CCCCCCCCCCOC(=O)CCCCCCCC(=O)O*,1782.6154261324637
*CCCCCCCCCCOC(=O)CCCCCCCCC(=O)O*,1754.7334361002272
*CCCCCCCCCCCCCCC(=O)O*,1636.6581486677685
*CCCCCCCCCCOC(=O)CCCCCCCCCCCCCCCCC(=O)O*,1971.3771376177672
*CCCCCCCCCCCCOC(=O)CCCCC(=O)O*,1742.3211956382106
*CCCCCCCCCCCCOC(=O)CCCCCCC(=O)O*,1744.264593010019
*CCCCCCCCCCCCCCOC(=O)CCCCC(=O)O*,1761.7033415090802
*CCCCCCCCCCCCCCOC(=O)CCCCCCC(=O)O*,1601.0907771297993
*CCCCCCCCCCCCCCCCOC(=O)CCCCCCC(=O)O*,1845.3609976824016
*CC(CCCCCCCCCCCCCCCC)C(CCCCCCCCCCCCCCCC)COC(=O)c1ccc(C(=O)O*)cc1,1717.8653407325207
*CCCOC(=O)CCCCCCCCCCCCCCCCC(=O)O*,1691.5390013217461
*CCCCCCCCCCOC(=O)CCCCCNC(=O)CCCCC(=O)NCCCCCC(=O)O*,1670.56813809736
*CCCCCCCCCCCCOC(=O)CCCCCNC(=O)CCCCC(=O)NCCCCCC(=O)O*,1721.4360760271347
*CCCCCCCCCCCCCCCCCCCCOC(=O)CCCCC(=O)O*,1970.4934626924648
*CCCCCCCCCCCCCCCCCCCCOC(=O)CCC(C)CC(=O)O*,1791.0811037519795
*CCCCCCCCCCCCCCCCCCCCOC(=O)CCCCCCCC(=O)O*,2045.5223116180669
*CCCCCCCCCCCCCCCCCCCCOC(=O)CCCC(=O)O*,1854.6769794019847
*CCCCCCCCCCCCCCCCCCCCOC(=O)CC(=O)O*,1703.4250840992163
*CCCCCCCCCCCCCCCCCCCCOC(=O)C(=O)O*,1637.5823301284067
*CCCCCCCCCCCCCCCCCCCCOC(=O)CCCCCC(=O)O*,1752.1976365324347
*CCCCCCCCCCCCCCCCCCCCOC(=O)CCCCCCC(=O)O*,1745.2174849851726
*CCCCCCCCNC(=O)CCCCCCCCCCCCCCCCCCCCC(=O)N*,1756.2716795014385
*CCCCCCCCCCCC(=O)N*,1776.6439410001954
*CCCCCCCCCCCCCCNC(=O)CCCCCCCCCCCCCCCCC(=O)N*,1926.8537483192542
*CCCCCCCCCCNC(=O)CCCCCCCCC(=O)N*,1723.4228491471983
*CCc1ccc(CCNC(=O)CCCCCCCCCCCCCCCCC(=O)N*)cc1,1679.866127208128
*Cc1ccc(CNC(=O)CCCCCCCCCCCCCCCCC(=O)N*)cc1,1646.084779489509
*CCCCCCCCCCCCCCCCCCNC(=O)CCc1ccc(CCC(=O)N*)cc1,1641.9958252911936
*CCCCCCCCCNC(=O)CCCCCCCC(=O)N*,1860.8572930796504
*CCCCCCCCCCNC(=O)CC/C=C/CCC(=O)N*,1670.7843380526508
*CCCCCCCCCCC(=O)NCCCCCC(=O)N*,1760.3827975697968
*CCCCCNC(=O)CCCCCCCCCCCCC(=O)N*,1671.9494105846047
*CCCCCCNC(=O)CCCCCCCCCCCCCCCCC(=O)N*,1591.9879768637952
*CCCCCCCNC(=O)CCCCCCCCC(=O)N*,1688.2689884428303
*CCCCCCCNC(=O)CCCCCCCCCC(=O)N*,1695.3198958911637
*CCCCCCCCNC(=O)CCCCCCCC(=O)N*,1830.811238455447
*CCCCCCCCNC(=O)CCCCCCCCCCCCCCCCC(=O)N*,1863.9773828728746
*CCCCCCCCCNC(=O)CCCCCCCCC(=O)N*,1823.2688778188592
*CCCCCCCCCNC(=O)CCCCCCCCCC(=O)N*,1713.8178836705417
*CCCCCCCCCCNC(=O)CCCCCCC(=O)N*,1663.4248322855663
*CCCCCCCCCCNC(=O)CCCCCCCCCCCC(=O)N*,1820.9996789850925
*CCCCCCCCCCNC(=O)CCCCCCCCCCCCCCCCCCCCC(=O)N*,1827.422908325428
*CCCCCCCCCCCNC(=O)CCCCC(=O)N*,1733.0032441155247
*CCCCCCCCCCCNC(=O)CCCCCCCCC(=O)N*,1728.8501578789521
*CCCCCCCCCCCCNC(=O)CCCCC(=O)N*,1657.4819719922257
*CCCCCCCCCCCCNC(=O)CCCCCCCCCCCCCCCCCCCCC(=O)N*,1932.9703160503661
*CCCCCCCCCCCCCCNC(=O)CCCCCCCCC(=O)N*,1749.8286826335695
*CCCCCCCCCCCCCCNC(=O)CCCCCCCCCCC(=O)N*,1801.7735582873681
*CCCCCCCCCCCCCCNC(=O)CCCCCCCCCCCCCCCCCCCCC(=O)N*,1847.3883655873335
*CCCCCCCCCCCCCCCCCCNC(=O)CCCCCCCCC(=O)N*,1789.035283972958
*CCCCCCCCCCCCCCCCCCNC(=O)CCCCCCCCCCC(=O)N*,1923.5542773787429
*CCCCCCCCCCCCCCCCCCNC(=O)CCCCCCCCCCCCCCCCCCCCC(=O)N*,1927.4847034265522
*CCc1ccc(CCNC(=O)CCCCCCCCCCCCCCCCCCCCC(=O)N*)cc1,1767.944416092869
*CCCCCCN(C)C(=O)CCCCCCCCCCCCCCCCC(=O)N(*)C,1779.7295046347242
*CCCCCCCCCCC(=O)NCCCCCCNC(=O)CCCCO*,1725.3739672499657
*CCCCCCCCCCC(=O)NCCCCCCNC(=O)CCCO*,1816.3302410578397
*CCCCCCCCC(=O)NCCCCCCNC(=O)CCCCO*,1716.3878347042235
*CCCCCCCCC(=O)NCCCCCCNC(=O)CCCO*,1594.924931227545
*CCCCCCCCCCCCCCCCCCCCCC(=O)N*,1710.4534882845137
*CCCCCCCCCCNC(=O)C(CCCCCCCCCCCC)C(=O)N*,1877.1177540469992
*CCCCCCCCCCNC(=O)CCCCCCCCC(=O)NCCCCCCCCCCNC(=O)C(=O)N*,1585.9667384837358
*CCCCCCNC(=O)CCCCCCCCCCCCCCCCCCCCC(=O)N*,1878.9004236487087
*CCCCCCNC(=O)C(CCCCCCCCCCCCCCCCC)C(=O)N*,1582.7444777944656
*CCCCCCNC(=O)C(CCCCCCCCCCCCCCCC)C(=O)N*,1898.1317900457168
*CCCCCCNC(=O)C(CCCCCCCCCCCCCCC)C(=O)N*,1878.594912592763
*CCCCCCNC(=O)C(CCCCCCCCCCCCC)C(=O)N*,1683.4518818377303
*CCCCCCCCCNC(=O)CCCCCCCCC(=O)NCCCCCCCCCNC(=O)C(=O)N*,1614.5657581723272
*CCCCCNC(=O)CCCCCCCCCCCCCCCCC(=O)N*,1858.539953390589
*CCCCCNC(=O)CCCCCCCCCCCC(=O)N*,1617.5001602860607
*CCc1ccc(CCNC(=O)CCCCCCCCCCCCCCCC(=O)N*)cc1,1757.3167164903534
*CCCCCCCCCCCNC(=O)CCCCCCCCC(=O)NCCCCCCCCCCCNC(=O)C(=O)N*,1878.5738632407722
*CCCCCCCNC(=O)C(CCCCCCCCCCCC)C(=O)N*,1755.0752537491828
*CCCCCCCCCCCCCNC(=O)CCCCCCCCCCCC(=O)N*,1769.981242509134
*CCCCCCCCCCCCNC(=O)NCCCCCCNC(=O)N*,1710.5411417647863
*CCCCCCCCCCCCCCNC(=O)NCCCCCCNC(=O)N*,1624.7853838478452
*CCCCCCCCCCCCCCCCCCNC(=O)NCc1ccc(CNC(=O)N*)cc1,1611.4492516778216
*Oc1ccc(C(C)(C)c2ccc(OC(*)=O)cc2)cc1,1378.4113907837586
*CCN(*)C(=O)CCCCCCCCCCCCCCCCC,1846.8031071909909
*CCCCCC(*)CCCCCCCCCC,1893.5265786572625
*CCCCCC(*)CCCCCCCCCCCCCC,1963.3562891200484
*/C=C(/*)CCCCCCCCCCCCCCCCCCCCC(=O)O,1852.9030049531536
*/C=C(/*)C#CCCCCCCCCCCCCCCCCCCCCC(=O)O,1892.090951076822
*/C=C/CCCCCCC(Cl)CCCCCC*,1551.9779823017768
*/C=C/CCCCCCCCCC(Cl)CCCCCCCCC*,1760.8742481841064
*/C=C/CCCCCCCCCC(CCCCCCCCC*)COCCOCCOCCOCCOCCCCCC,2130.472471912602
*CCCCCCCCCCCCCCCCCCCCC(*)COCCOCCOCCOCCOCCCCCC,2036.1354647886164
*CCCCCCCCCCCCCCCCCCCCC(*)COCCOCCOCCOCCOCCCCCCCCCCCCCC,1927.9752954464536
*CCCCCCCCCCCCCCC(*)Cl,1777.6510608421354
*CCCCCCCCCCCCCCCCCCCCC(*)Cl,1778.6794440411818
*/C=C/CCCCCCCC*,2013.0801810720645
*CCCCCCCCCCCCCCCCCCCCc1nnc(*)o1,1784.5969322262736
*C(F)(F)C(F)(F)C1(F)C(*)(F)OC(F)(F)C1(F)F,891.0108773448044
*c1sc(*)c2c1OCC(CCCCCCCCCCCCCCCC)O2,1631.325694578125
*CCCCCCCCCCCCCCS*,1722.976826450477
*c1cc(CCCCCCCCCCCCCC)c(*)s1,1688.1833349175843
*c1nc2cc3sc(-c4cc(OCCCCCCCCCCCC)c(*)cc4OCCCCCCCCCCCC)nc3cc2s1,1530.8061756277061
*c1cc(CCCCCCCCCCCCC)c(*)s1,1641.8117672863998
*c1cc(CCCCCCCCCCCCCCC)c(*)s1,1667.1543060587378
*/C=C/c1sc(*)c(OCCCCCCCCCCCC)c1OCCCCCCCCCCCC,1754.507676146641
*c1cc(CCCCCCCCCCCCCCCCCCCCCC)c(*)s1,1835.1641175884267
*c1ccc(-c2sc(-c3cc(CCCCCCCCCCCC)c(*)s3)cc2CCCCCCCCCCCC)cc1,1561.315956907934
*c1cc(CCCCCCCCCCCCCCCCCC)c(*)s1,1744.2877143874873
*c1sc(*)c(OCCCCCCCCCCCC)c1C,1747.9581403985824
*c1sc(*)c(OCCCCCCCCCCCCCC)c1C,1690.83597392452
*c1sc(*)c(OCCCCCCCCCCCCCCCCCCCC)c1C,1769.456766713591
*CCCCCCCCCCCCCCCCCCCCOC(=O)Cc1ccc(CC(=O)O*)cc1,1675.2499375778525
*Cc1ccc(COC(=O)CCCCCCCCCCCCCCCCCCC(=O)O*)cc1,1647.6787885056076
*CCCCCCCCCCCCCCCCOC(=O)CCCCCCCCC(=O)O*,1851.9498916187565
*CCCCCCCCCCCCOC(=O)CCCCCCCCCCCCC(=O)O*,1832.1306645673214
*CCCCOC(=O)CCCCCCCCCCCCCCCCCCCCCCCCCCCCCCCCCCC(=O)O*,1803.9466739719937
*CCCCCCCCCCCCCCCCCCCCCCOC(=O)CCCCC(=O)O*,1736.6122789717538
*CCCCCCCCCCCCCCC(=O)N*,1952.9616874197316
*CCCCCCCCNC(=O)CCCCCCCCC(=O)NCCCCCCCCNC(=O)C(=O)N*,1681.017829200522
*C(=O)N(*)CCCCCCCCCCCCCCCCCC,1823.4898237604573
*CCCCCCCCCCCCNC(=O)CCCCCCCCCCCCCCCCCCC(=O)N*,1669.6739449309239
*CCCCNC(=O)CCCCCCCCCCCCCCC(=O)N*,1637.8334368185015
*CCCCCCNC(=O)CCCCCCCCCCCCCCC(=O)N*,1758.0589836744205
*CCCCCCCCNC(=O)CCCCCCCCCCCCCCC(=O)N*,1761.3010177745264
*CCCCCCCCCCNC(=O)CCCCCCCCCCCCCCC(=O)N*,1833.658408480425
*CCCCCCCCCCCCNC(=O)CCCCCCCCCCCCC(=O)N*,1772.4385305127896
*CCCCCCCCCCCNC(=O)CCCCCCCCCCCCCCCCCCC(=O)N*,1832.5407079297154
*CCCCCCCNC(=O)CCCCCCCCCCCCCCCCCCC(=O)N*,1767.3680175818652
*CCCCCNC(=O)CCCCCCCCCCCCCCCCCCC(=O)N*,1720.7934300630423
*CCCNC(=O)CCCCCCCCCCCCCCCCCCC(=O)N*,1422.3158927308123
*CCNC(=O)CCCCCCCCCCCCCCCCC(=O)N*,1684.9931547718452
*CC(CCCCCCCCCCCCCCCC)C1C(=O)N(CCCCCCCCCCCC)C(=O)C1*,2019.0911067588595
*Nc1ccc(*)cc1CCCCCCCCCCCCCCC,1720.61425997922
*CCN(*)C(=O)CCCCCCCCCCCCCCC,1966.5261277485872
*c1cc(CCCCCCCCCCCCCCCC)c(*)[nH]1,1790.0259232147368
*c1[nH]c(*)c(CC(=O)OCCCCCCCCCCCC)c1CC(=O)OCCCCCCCCCCCC,1715.7383129984441
*Nc1ccc(*)cc1OCCCCCCCCCCCCCCCC,1685.8260740817516
*CCCCCCCCCCCCCCCC[N+](C)(C)CCCCCC[N+](*)(C)C,1809.9351901608811
*c1cc(CCCCCCCCCCCC)c(*)cc1CCCCCCCCCCCC,1869.1668326401607
*/C=C/c1cc(OCCCCCCCCCCCCCCCC)c(/C=C/c2ccc(*)cc2)cc1OCCCCCCCCCCCCCCCC,1564.8096779388095
*/C=C/c1cc(CCCCCCCCCCC)c(/C=C/c2ccc(*)cc2)cc1CCCCCCCCCCC,1733.644209293733
*CC(*)C(=O)NCCCC,1666.4362067445102
*CC(*)CCCCCCCCCCCC,1990.8861888900606
*CCCCNC(=O)CCCCC(=O)N*,1536.2238967831856
*CCCCNC(=O)CCCCCCCCCC(=O)N*,1606.5219232453833
*CCNC(=O)CCCCCCCCC(=O)N*,1698.101303100068
*CCCCNC(=O)CCCCCCC(=O)N*,1527.830154666823
*/C=C/CC*,1894.7564704707067
*/C=C/CCCCC*,2086.598025917725
*CC(*)c1ccc(C(C)(C)O)cc1,1599.2263954475811
*CC(*)c1ccc(C(=O)OC)cc1,1410.9812345821117
*CC(*)(C)c1ccc(C(C)C)cc1,1551.2118546504084
*CC(*)C=O,1521.3080520212995
*CC(*)OC(C)C,1726.4095321224115
*CC(*)C(=O)C1CCCCC1,1624.5791285117277
*CC(*)(C)C(=O)OCCCCCCCC,1649.9803808010386
*CC(*)(C)C(=O)OCCOCC,1468.4643975347417
*CC(*)C(=O)OCC(CC)CCCC,1749.361629337883
*CC(*)C(=O)OC(C)CCCCC,1720.9327992400808
*CC(*)c1ccc(CCC)cc1,1588.156935600755
*CC(*)c1ccc(COCCCCCCOc2ccc(-c3ccc(OC)cc3)cc2)cc1,1509.700071833568
*CC(*)OC(=O)CC,1572.2808241444645
*CC(*)OC(=O)c1ccccc1,1362.232017163771
*CC(*)CCCN(CC(C)C)CC(C)C,1890.8875661135298
*CC(*)OC(=O)c1ccc(OC(=O)CCC)cc1,1392.914877471559
*CC(*)OC(=O)C1(F)C(F)(F)C(F)(F)C(F)(F)C(F)(F)C1(F)F,940.0159051533125
*CC(*)c1cccs1,1275.72475527838
*C1Cc2ccccc2C1*,1467.785273626464
*CCC/C=C(/*)c1ccc(Cl)cc1,1343.5985931948449
*CC(*)CNc1ccc([N+](=O)[O-])cn1,1322.3938620910899
*CC(*)(C)C(=O)OCCCCCCOc1ccc(-c2ccc(OC)cc2)cc1,1406.1887966629467
*CC(*)C(=O)NCCCCCC(=O)O,1489.1353447235317
*CC(*)C(=O)OC(C)CCC(CC)CCCC,1679.5947032694546
*C1C(=O)OC(=O)C1*,1112.2208365395256
*CC(*)CC(C)C(F)(F)F,1330.4667450870106
*CCC(Cl)C(*)Cl,1036.985080334386
*C1C=CC(*)C1,1560.0771846175933
*CO*,1428.243281410311
*OC(*)C(Cl)(Cl)Cl,736.6265056915377
*OC(*)CCC#N,1411.487364403004
*CC(C)(C)O*,1682.0510297209144
*CC(O*)c1ccccc1,1472.3050083564433
*CCCC(=O)NCc1ccc(CNC(=O)CCCO*)cc1,1421.7394258264208
*Oc1c(C)cc(*)cc1-c1ccccc1,1376.9639020984678
*CC(O)COc1c(Cl)cc(C(C)(C)c2cc(Cl)c(O*)c(Cl)c2)cc1Cl,1094.4534809787906
*OC1CCCCC1*,1630.4541793352575
*CC(CCl)(CCl)O*,955.8779871402022
*Oc1cccc(NC(=O)CCCCCCCCCCC(=O)Nc2ccc(*)cc2)c1,1541.5908751929926
*Oc1ccc(NC(=O)CCCCCCCCCC(=O)Nc2ccc(*)cc2)cc1,1441.3121233968377
*c1ccc(-c2nc3ccc(Oc4ccc5nc(*)c(-c6ccccc6)c(-c6ccccc6)c5c4)cc3c(-c3ccccc3)c2-c2ccccc2)cc1,1351.343780305513
*ON(C(F)(F)F)C(F)(F)C(*)(F)F,855.1630870345797
*Oc1ccc(Oc2ccc(C(=O)c3ccccc3-c3ccccc3C(=O)c3ccc(*)cc3)cc2)cc1,1295.7179798879242
*Oc1ccc(C(C)(C)c2ccc(Oc3ccc(C(=O)Nc4ccc(-c5ccc(NC(=O)c6ccc(*)cc6)cc5C(F)(F)F)c(C(F)(F)F)c4)cc3)cc2)cc1,1275.087298386788
*CCCCCCCCCCOc1ccc(OC(=O)c2ccc(OCCCCCCOc3ccc(C(=O)Oc4ccc(O*)cc4)cc3)cc2)cc1,1505.3341538321877
*CCc1ccc(*)o1,1394.7482184839023
*c1cccc(-c2nc3ccc(-c4ccc5oc(*)nc5c4)cc3o2)c1,1202.371044634766
*CS*,1165.1122924883848
*SC(*)(F)F,723.314931160121
*CCS*,1337.5373796151753
*CCOC(=O)CCCCSCCCCC(=O)O*,1662.4828133882074
*Sc1c(C)cc(*)cc1C,1245.7417957604293
*CCc1ccc(*)s1,1244.406628138227
*c1ccc2c(c1)SC1=Nc3cc(-c4ccc5c(c4)N=C4Sc6cc(*)ccc6N=C4N5)ccc3NC1=N2,1169.2002413774444
*CCCOC(=O)C1CCC(C(=O)O*)CC1,1456.46393343531
*CCC(C)CCC(=O)O*,1743.0013263265696
*Oc1cc(CCC)cc(OC(=O)c2cccc(C(*)=O)c2)c1,1309.3092285861671
*Oc1cccc(OC(=O)c2ccc(C(C)(C)c3ccc(C(*)=O)cc3)cc2)c1,1264.119105246008
*Oc1ccc(C(C)(C)c2ccc(OC(=O)CN(CC(*)=O)c3ccc(/N=N/c4ccc([N+](=O)[O-])cc4)cc3)cc2)cc1,1249.0200967412557
*Oc1ccc(-c2ccc(-c3cc(-c4ccccc4)c(-c4ccc(-c5ccc(OC(=O)c6ccc(C(*)=O)cc6-c6ccccc6)cc5)cc4)c(-c4ccccc4)c3-c3ccccc3)cc2)cc1,1293.2767783031852
*Oc1ccc(OC(=O)CCCCCCCCC(*)=O)cc1,1585.9630514918167
*Cc1ccc2nc(-c3cc(-c4nc5ccc(*)cc5c(=O)o4)cc(N4C(=O)c5ccccc5C4=O)c3)oc(=O)c2c1,1169.3241742404543
*CCCCCNC(=O)O*,1506.184025509547
*CCCCCCNC(=O)N*,1559.7420025980555
*c1ccc(NC(=O)Nc2ccc(NC(=O)Nc3ccc(-c4nc(-c5ccc([N+](=O)[O-])cc5)[nH]c4*)cc3)cc2)cc1,1291.9589215621609
*CCCC1CC(=O)N(*)C(=O)C1,1410.365297706683
*C(=O)c1ccc2c(c1)C(=O)N(c1ccc(Oc3ccc(C(=O)c4cccc(C(=O)c5ccc(Oc6ccc(N7C(=O)c8ccc(*)cc8C7=O)cc6)cc5)c4)cc3)cc1)C2=O,1223.6638256062756
*c1ccc(Oc2cccc(Oc3ccc(N4C(=O)c5cccc(Oc6cccc(Oc7cccc8c7C(=O)N(*)C8=O)c6)c5C4=O)cc3)c2)cc1,1263.454373733333
*c1ccc(N2C(=O)c3ccc(C(=O)c4ccc5c(c4)C(=O)N(c4ccc(-c6nc7cc(-c8ccc9nc(-c%10ccccc%10)c(*)nc9c8)ccc7nc6-c6ccccc6)cc4)C5=O)cc3C2=O)cc1,1251.3318064778614
*c1ccc2c(c1)C(=O)N(c1cc(OCCN(CC)c3ccc(/N=N/c4ccc([N+](=O)[O-])cc4)cc3)cc(N3C(=O)c4ccc(C(*)(C(F)(F)F)C(F)(F)F)cc4C3=O)c1)C2=O,1126.6166918914678
*c1ccc(N2C(=O)c3ccc(-c4cccc5c4C(=O)N(*)C5=O)cc3C2=O)cc1,1203.1859430224658
*C1C(=O)N(c2ccccc2C(=O)OC)C(=O)C1*,1261.8007948120912
*OC(=O)CCCCCC(*)=O,1487.8537011780957
*CC(C)(C)CS(=O)(=O)CC(C)(C)COC(=O)O*,1402.7359517123234
*CCN*,1926.5732424005855
*CCCN*,1744.8135293696835
*c1nc(-c2ccccc2)nc(N(c2ccccc2)c2ncnc(N(*)c3ccccc3)n2)n1,1216.9449117954186
*\N=C\c1ccc(C=Nc2c(cc(cc2-c2ccccc2)-c2ccc(cc2)-c2cc(-c3ccccc3)c(*)c(c2)-c2ccccc2)-c2ccccc2)cc1,1289.6908512192886
*c1nc(C)nc(N(CCCCCCN(*)c2ccccc2)c2ccccc2)n1,1511.9806680944341
*c1ccc(-c2nnc(-c3cccc(-c4nnc(*)n4-c4ccccc4)c3)n2-c2ccccc2)cc1,1257.9400910427057
*CC1CCC(*)C1,1727.9169135590507
*/C=C/CCCCCC*,2179.0447504894623
*CC(*)CCCCCCCCCCC,2014.128433285607
*CC(*)CCCCCCCCC,1783.3012775967557
*CC(*)(C)c1ccccc1,1526.8255348605926
*CC(*)c1cccc2ccccc12,1449.9155794955718
*CC(*)c1ccc(C(C)=O)cc1,1437.3601843192864
*CC(*)c1ccc(O)cc1,1448.7825308803658
*CC(CC(*)(C#N)C(=O)OC)c1ccccc1,1349.975600371801
*CC(*)C(=O)C(C)C,1635.4912357653595
*CC(*)(C)C(C)=O,1551.8905829066164
*CC(*)C#N,1334.7911497729738
*CC(*)(C)C#N,1448.5811803797135
*CC(*)n1c2ccccc2c2ccccc21,1405.6080750279782
*CC(*)OCC,1737.267767081331
*CC(*)C(=O)c1ccc(C(C)(C)C)cc1,1518.1369892982063
*CC(*)C(=O)c1ccc(C)cc1,1456.9006329366482
*CC(*)C(=O)OCC,1506.114199905629
*CC(*)C(=O)OCCCC,1720.2087313158172
*CC(*)C(=O)OCCCCCC,1802.966143346436
*CC(*)C(=O)OC(F)(C(F)(F)F)C(F)(F)F,1001.494388447345
*CC(*)(C)C(=O)OC,1385.9560201687398
*CC(*)(C)C(=O)OCC,1522.7879371099057
*CC(*)(C)C(=O)OCCCC,1639.279988587924
*CC(*)(C)C(=O)OC(C)CC,1599.0343063676396
*CC(*)(C)C(=O)OC(C)(C)C,1631.6537842769153
*CC(*)(C)C(=O)OCCCCCC,1714.8484657537686
*CC(*)(C)C(=O)OCCCCCCCCCCCC,1765.34694775189
*CC(*)(C)C(=O)OCCCCCCCCCCCCCC,1887.4535010310913
*N1C(=O)C2=C(C=C(C=C2)C2=CC=C3C(=O)N(C(=O)C3=C2)C2=C3C=CC=C(*)C3=CC=C2)C1=O,1213.125302523878
CC1(C)CC(CC(C)(C*)C1)N1C(=O)C2=CC=C(C=C2C1=O)C1=CC2=C(C=C1)C(=O)N(*)C2=O,1360.0791451864475
FC(F)(F)C(C1=CC2=C(OC(=N2)C2=CC=C(OC3=CC=C(OC4=CC=C(*)C=C4)C4=C3C3C5=C(C=CC=C5)C4C4=C3C=CC=C4)C=C2)C=C1)(C1=CC=C2OC(*)=NC2=C1)C(F)(F)F,1210.326855065695
FC(F)(F)C(C1=CC2=C(OC(=N2)C2=CC=C(OC3=C4C5C6=C(C=CC=C6)C(C6=C5C=CC=C6)C4=C(OC4=CC=C(*)C=C4)C4=C3C3C5=C(C=CC=C5)C4C4=C3C=CC=C4)C=C2)C=C1)(C1=CC=C2OC(*)=NC2=C1)C(F)(F)F,1204.6150566843016
FC(F)(F)C(C1=CC2=C(OC(=N2)C2=CC=C(OC3=C4C5C6=C(C=CC=C6)C(C6=C5C=CC=C6)C4=C(OC4=CC=C(*)C=C4)C=C3)C=C2)C=C1)(C1=CC=C2OC(*)=NC2=C1)C(F)(F)F,1200.0936091779822
FC(F)(F)C1=C(OC2=C3C4C5=C(C=CC=C5)C(C5=C4C=CC=C5)C3=C(OC3=C(C=C(C=C3)C3=NC4=C(O3)C=CC(=C4)C(C3=CC=C4OC(*)=NC4=C3)(C(F)(F)F)C(F)(F)F)C(F)(F)F)C3=C2C2C4=C(C=CC=C4)C3C3=C2C=CC=C3)C=CC(*)=C1,1183.5697656428865
*C1=NC2=CC(=CC=C2N1)C1=CC2=C(NC(O2)C2=CC=C(OC3=CC=C(OC4=CC=C(*)C=C4)C4=C3C3C5=C(C=CC=C5)C4C4=C3C=CC=C4)C=C2)C=C1,1314.286132664213
*C1=NC2=CC(=CC=C2N1)C1=CC2=C(NC(O2)C2=CC=C(OC3=C4C5C6=C(C=CC=C6)C(C6=C5C=CC=C6)C4=C(OC4=CC=C(*)C=C4)C4=C3C3C5=C(C=CC=C5)C4C4=C3C=CC=C4)C=C2)C=C1,1301.3334406673584
*CC(*)(C)C(=O)OCCCCCCCCCCCCCCCCCC,1877.75306095936
*CC(*)(C)C(=O)OC1CCCCC1,1599.1257895099084
*CC(*)(C)C(=O)OC1CCCCC1C,1553.925195362739
*CC(*)(C)C(=O)OC1CCC(C)CC1,1585.7142926069882
*CC(*)(C)C(=O)OC1CCCC(C)C1,1614.644042493918
*CC(*)(C)C(=O)OC1CC(C)CC(C)(C)C1,1581.8030575231012
*CC(*)(C)C(=O)Oc1ccccc1,1424.3015116205345
*CC(*)(C)C(=O)Oc1ccccc1C,1413.2108093758657
*CC(*)(C)C(=O)OCc1ccccc1,1411.4888131661596
*CC(*)(C)C(=O)OCCc1ccccc1,1396.7745115830717
*CC(*)(C)C(=O)Oc1ccc2ccccc2c1,1369.7527353379696
*CC(*)(C)C(=O)OCCF,1411.0448312398732
*CC(*)(C)C(=O)OCCCl,1279.3143870041022
*CC(*)(C)C(=O)OCCBr,1071.3404552255342
*CC(*)(C)C(=O)OC(C)C(F)(F)F,1140.4824922388925
*CC(*)(C)C(=O)OC(C(F)(F)F)C(F)(F)F,1005.048463701082
*CC(*)(C)C(=O)OC(F)(C(F)(F)F)C(F)(F)F,985.534035090619
*CC(*)(C)C(=O)OC(F)(C(F)(F)F)C(F)(F)Cl,971.8370851473309
*CC(*)(C)C(=O)OCC(F)(F)C(F)(F)C(F)(F)C(F)(F)C(F)(F)C(F)(F)C(F)(F)F,967.1406116081447
*CC(*)(C)C(=O)Oc1c(Cl)c(Cl)c(Cl)c(Cl)c1Cl,865.2487337409519
*CC(*)(C)C(=O)OCc1ccccc1Cl,1297.5779682142584
*CC(*)(C)C(=O)OCC1CCCO1,1470.2404237851993
*CC(*)(C)C(=O)OCc1ccco1,1362.1805356959717
*CC(*)(C)C(=O)OCCN(C)C,1597.3087158280232
*CC(*)(C)C(=O)OCCN(CC)CC,1761.6310802180706
*CC(*)(C)C(=O)OCc1cccc([N+](=O)[O-])c1,1276.3374784000066
*CC(*)(Cl)C(=O)OCC,1242.739519828268
*CC(*)(Cl)C(=O)OC(C)CC,1274.0516257763716
*/C=C/*,1536.0336899922272
*CC1(*)CCCCC1,1770.6429897167911
*CC(*)n1cc2ccccc2n1,1389.3953666179814
*CC(c1ccccn1)C(c1ccccc1)C(*)c1ccccn1,1375.6026795372602
*CC(*)c1ccc(OC(C)=O)cc1,1409.509635756884
*CC(*)c1ccc(COCC(CC)CCCC)cc1,1599.1336801212171
*CC(*)c1ccc(COCCOCCCCCCCC)cc1,1733.3754071015821
*CC(*)c1ccc(C(=O)O)c(C(=O)O)c1,1232.7048398007562
*C([2H])([2H])C(*)([2H])c1c([2H])c([2H])c([2H])c([2H])c1[2H],1531.4037661607779
*CC(*)O,1451.5031849049813
*CC(*)OC(=O)CCCCCCCCCCC,1802.5789643347478
*CC(*)C(C)=O,1529.9220760015294
*CC(*)c1ccccn1,1357.319044724003
*CC(*)OC,1518.0519674925288
*CC(*)(Cl)C(=O)OC1CCCCC1,1268.9280211913892
*CC(*)C(=O)NC(C)C,1624.7406269944088
*CC(*)C(=O)N(CCCC)CCCC,1737.9133105717347
*CC(*)C(=O)NCCCCCCCCCCCC,1683.8723209950317
*CC(*)C(=O)OC(CC)CC,1554.3701844368131
*CC(*)(C)C(=O)Oc1cccc(C)c1,1414.6504015665455
*CC(*)C(=O)OCCCCCCCCC,1779.822680697188
*CC(*)C(=O)OC1CCCCC1,1528.792815129792
*CC(*)C(=O)OC1CC(C)CC(C)(C)C1,1587.6982060744983
*CC(*)(C)C(=O)OCCCCCCCCCC,1718.7090117771152
*CC(*)(C)C(=O)OC1CC2CCC1(C)C2(C)C,1630.8389899501221
*CC(*)(Cl)C(=O)OCCC,1200.6978202645103
*CC(*)(Cl)C(=O)OCCCC,1356.4265746296858
*CC(*)(C#N)C(=O)OC,1289.966187553895
*CC(*)C(=O)OCC(C)CC,1635.614742824376
*CC(*)C(=O)OC(C)CCCCCC,1843.2258973223556
*CC(*)C(=O)OCC(CC)CC,1586.813037158155
*CC(*)C(=O)OCC(C)(C)C,1605.8109030144733
*CC(*)C(=O)OC(C)CC(C)C,1614.2491118639346
*CC(*)C(=O)OC(CCC(CC)CCCC)CC(C)C,1771.820827175889
*CC(*)C(=O)OCCC#N,1291.7739417174605
*CC(*)C(=O)OCCSC,1375.7751856782731
*CC(*)C(=O)OCCCSC,1458.1043947989847
*CC(*)C(=O)OCCSCC,1446.2386494939446
*CC(*)C(=O)OCCCCSC,1600.7227342937822
*CC(*)C(=O)OCCCSCC,1451.255070609445
*CC(*)C(=O)OCCSCC#N,1396.7946607898327
*CC(*)C(=O)OCCSCCC#N,1396.7224395788187
*CC(*)C(=O)OCCSCCCC#N,1500.103199574438
*CC(*)C(=O)OCCCSCCC#N,1455.294285532812
*CC(*)C(=O)OCCCCCCSCC#N,1541.4860579140964
*CC(*)C(=O)OC12CC3CC(C)(CC(C)(C3)C1)C2,1598.4459573991337
*CC(*)C(=O)N1CCCCC1,1635.4765878138196
*CC(*)C(=O)N1CCOCC1,1404.5804599675694
*CC(*)C(=O)Oc1ccccc1,1312.7308067274887
*CC(*)C(=O)Oc1ccccc1C,1401.8905090583678
*CC(*)C(=O)Oc1cccc(C)c1,1394.558478312346
*CC(*)C(=O)Oc1ccc(C)cc1,1413.6448536694002
*CC(*)C(=O)Oc1ccccc1C(C)(C)C,1479.493794667838
*CC(*)C(=O)Oc1ccc(C(C)(C)C)cc1,1536.9859796643227
*CC(*)C(=O)Oc1ccc(OC)cc1,1370.3236807632888
*CCC*,1820.8423032263963
*/C=C/c1ccc(*)c(-c2cc(OCC(CC)CCCC)c(OCC(CC)CCCC)cc2-c2ccccc2)c1,1620.4177409358144
*/C=C/c1ccc(*)c(-c2cc(-c3ccccc3)c(OCC(CC)CCCC)cc2OCC(CC)CCCC)c1,1586.5802146680383
*/C=C/c1ccc(*)c(-c2cc(OCC(CC)CCCC)c(-c3ccccc3)cc2OCC(CC)CCCC)c1,1559.7453829228498
*c1ccc(-c2cc(-c3ccc(OCCCCCC)cc3)cc(-c3ccc(-c4ccc5c(c4)C(CCCCCC)(CCCCCC)c4cc(*)ccc4-5)cc3)c2-c2ccc(OCCCCCC)cc2)cc1,1548.602029168666
*/C=C/c1ccc(*)c(-c2ccc(OCC(CC)CCCC)c3ccccc23)c1,1396.70569937795
*/C=C/c1ccc(*)c(-c2c(OCC(CC)CCCC)ccc3ccccc23)c1,1544.1321789576573
*/C=C/c1ccc(*)c(-c2c(OCC(CC)CCCC)ccc3cc(-c4ccccc4)ccc23)c1,1541.5337972340187
*/C=C/c1ccc(*)c(OCc2cc(OCCC(C)CCCC(C)C)cc(OCC(CC)CCCC)c2)c1,1622.4336411817274
*c1ccc(-c2ccc3c(c2)C(CCCCCCBr)(CCCCCCBr)c2cc(*)ccc2-3)cc1,1187.0085965677767
*c1ccc(-c2ccc3c(c2)C(CCCCCCC#N)(CCCCCCC#N)c2cc(*)ccc2-3)cc1,1434.9147118248895
*/C=C/c1ccc(*)c(-c2cc(OCCC(C)C)c(OCCC(C)C)cc2-c2ccc(OC)cc2)c1,1446.1109527883812
*/C=C/c1ccc(*)c(-c2cc(OCCC(C)C)c(OCCC(C)C)cc2-c2ccc(C(F)(F)F)cc2)c1,1400.1816293031095
*/C=C/c1ccc(*)c(-c2cc(OCCC(C)C)c(OCCC(C)C)cc2-c2ccc(F)cc2)c1,1368.0878865837442
*/C=C/c1ccc(*)c(-c2cc(OCCC(C)C)c(OCCC(C)C)cc2-c2ccccc2)c1,1499.601189168173
*c1ccc(-c2ccc(C3(*)CCCCC3)cc2)cc1,1508.092140718333
*c1ccc(-c2ccc(C(*)(C)C)cc2)cc1,1495.710381277074
*c1ccc(-c2ccc(C3(*)c4ccccc4-c4ccccc43)cc2)cc1,1384.1298733318129
*c1cc(*)c(O)c(/C=N/c2ccc(Cl)cc2)c1,1211.8382735507316
*/C=C/c1cc(OCC2CC3CC2C2CCCC32)c(*)cc1OC,1562.8197090825565
*/C=C/c1cc(OCC2CC3CC2C2CCCC32)c(*)cc1OCC1CC2CC1C1CCCC21,1488.769070555225
*c1cc(/C=N/c2ccc(C)cc2)c(*)c(OC)c1,1345.2459942811172
*c1cc(O)c(O)cc1*,1283.0859271230934
*c1cc(*)c(O)c(/C=N/c2ccc(N3CCOCC3)cc2)c1,1424.9014198069488
*c1ccc(-c2ccc3c(c2)C(CCCCCC)(CCCCCC)c2cc(*)ccc2-3)cc1,1651.9825483166032
*c1ccc2c(c1)C(CCCCCC)(CCCCCC)c1cc(-c3cc(CCCCCC)c(*)cc3CCCCCC)ccc1-2,1633.09423947448
*c1ccc2c(c1)C(CCCCCC)(CCCCCC)c1cc(-c3cc(CCCCCCCC)c(*)cc3CCCCCCCC)ccc1-2,1643.372092191424
*c1ccc2c(c1)C(CCCCCC)(CCCCCC)c1cc(-c3cc(CCCCCCCCCC)c(*)cc3CCCCCCCCCC)ccc1-2,1620.067581499816
*/C=C/c1cc(OCCCCCCCC)c(*)cc1OC,1638.2804037852188
*/C=C/c1cc(OCCCCCCCCCCCC)c(*)cc1OC,1675.8073098573943
*c1cc(/C=N/c2cccc(C)c2)cc(*)c1O,1335.919449827928
*/C=C/c1cc(OCCCCCC)c(*)cc1OC,1554.5231006524762
*c1cc(OCCCCCCCCCCCC)c(*)cc1O,1613.8553016353048
*c1ccc2c(c1)C(CCCCCC)(CCCCCC)c1cc(-c3cc(OCCCCCCCC)c(*)cc3OCCCCCCCC)ccc1-2,1533.8363641515282
*c1ccc2c(c1)C(CCCCCC)(CCCCCC)c1cc(-c3cc(OCc4ccccc4)c(*)cc3OCc3ccccc3)ccc1-2,1444.0593552389373
*/C=C/c1cc(OCC(CC)CCCC)c(*)cc1-c1ccc(N(c2ccc(OC)cc2)c2ccc(OC)cc2)cc1,1514.433412718001
*/C=C/c1cc(-c2ccc3c(c2)C(CCCCCCCC)(CCCCCCCC)c2ccccc2-3)c(*)cc1-c1ccc(F)cc1F,1539.0639263178793
*/C=C/c1cc(OCC(CC)CCCC)c(*)cc1-c1ccc(F)c(C(F)(F)F)c1,1332.1739341283123
*c1ccc(-c2ccc(-c3ccc(C(*)(CC)C(F)(F)F)cc3)cc2)cc1,1250.1188556329716
*c1ccc(-c2ccc(C(*)(c3ccccc3)C(F)(F)F)cc2)cc1,1273.8292888015203
*c1ccc(-c2ccc(-c3ccc(C(*)(c4ccccc4)C(F)(F)F)cc3)cc2)cc1,1276.17656935066
*c1ccc(-c2ccc(C(*)(c3ccc(F)cc3)C(F)(F)F)cc2)cc1,1166.2480371268034
*c1ccc(-c2ccc(-c3ccc(C(*)(c4ccc(F)cc4)C(F)(F)F)cc3)cc2)cc1,1243.8113015733657
*c1ccc(-c2ccc(-c3ccc(C(*)(c4c(F)c(F)c(F)c(F)c4F)C(F)(F)F)cc3)cc2)cc1,1067.5949082708757
*c1ccc(-c2ccc(-c3ccc(C(*)(c4ccc(N(C)C)cc4)C(F)(F)F)cc3)cc2)cc1,1349.838288879691
*c1ccc(-c2ccc(-c3ccc(C(*)c4c(F)c(F)c(F)c(F)c4F)cc3)cc2)cc1,1211.2592841805417
*/C=C/c1cc(OCCc2ccccc2)c(*)cc1OC,1372.3421012687625
*c1ccc(-c2ccc(C(*)(C)C(F)(F)F)cc2)cc1,1248.3451646857632
*c1ccc2cc(*)ccc2c1,1331.0554452151137
*c1ccc2ccc(*)cc2c1,1354.4344546910825
*c1ccc(*)c2ccccc12,1358.6747163896277
*c1cccc2c(*)cccc12,1315.4962973978259
*CCc1c2ccccc2c(*)c2ccccc12,1423.2856815497541
*c1cc2cccccc-2c1*,1292.2125779283265
*CC(*)(F)C#N,1140.7166211897938
*/C=C/c1ccc(*)c2ccc(CCCCCC)cc12,1613.7836930231276
*/C=C/c1ccc(*)c2ccc(CCCCCCCCCCC)cc12,1519.1432384114273
*c1c(-c2ccccc2)c(-c2ccccc2)c(*)c2cc(C(c3ccc(C#Cc4ccccc4)c(C#Cc4ccccc4)c3)(C(F)(F)F)C(F)(F)F)ccc12,1257.6055425812685
*c1c(-c2ccccc2)c(-c2ccccc2)c(*)c2cc(Oc3ccc(C#Cc4ccccc4)c(C#Cc4ccccc4)c3)ccc12,1342.1444692478426
*c1c(-c2ccccc2)c(-c2ccccc2)c(*)c2cc(-c3ccc(C#Cc4ccccc4)c(C#Cc4ccccc4)c3)ccc12,1350.9177270071305
*c1c(-c2ccccc2)c(-c2ccccc2)c(*)c2cc(C3(c4ccc(C#Cc5ccccc5)c(C#Cc5ccccc5)c4)c4ccccc4-c4ccccc43)ccc12,1336.4702423694223
*CC(*)(F)C(=O)OCC(F)(F)C(F)(F)C(F)(F)F,986.9914216963724
*CC(*)(F)C(=O)OCC(F)(F)C(F)(F)C(F)(F)C(F)(F)F,1016.0709968590958
*CC(*)(F)C(=O)OCC(F)(F)C(F)(F)C(F)(F)C(F)(F)C(F)(F)C(F)(F)C(F)(F)F,920.8504262248423
*CC(*)(F)C(=O)OCC(F)(F)C(F)(F)C(F)(F)C(F)(F)C(F)(F)C(F)(F)C(F)(F)C(F)(F)F,932.9866460506706
*CC(*)(F)C(=O)OCC(F)(F)C(F)(F)C(F)(F)C(F)(F)C(F)(F)C(F)(F)C(F)(F)C(F)(F)C(F)(F)F,919.6150989756198
*CC(*)(F)C(=O)OCC(F)(F)C(F)(F)C(F)(F)C(F)(F)C(F)(F)C(F)(F)C(F)(F)C(F)(F)C(F)(F)C(F)(F)C(F)(F)F,918.4138823768781
*CC(*)(F)C(=O)OCC(F)(F)C(F)(F)C(F)(F)C(F)(F)C(F)(F)C(F)F,971.8138008759341
*CC(*)(F)C(=O)OCC(F)(F)C(F)(F)C(F)(F)C(F)(F)C(F)(F)C(F)(F)C(F)(F)C(F)F,970.9535304620164
*CC(*)(F)C(=O)OCCC(F)(F)C(F)(F)C(F)(F)C(F)(F)F,1015.619251180203
*CC(*)(F)C(=O)OCCC(F)(F)C(F)(F)C(F)(F)C(F)(F)C(F)(F)C(F)(F)C(F)(F)C(F)(F)C(F)(F)C(F)(F)F,936.3028502056293
*CC(F)(F)C1(F)CC(C(O)(C(F)(F)F)C(F)(F)F)CC1*,1108.1940015547182
*c1c(*)c2ccccc2c2ccccc12,1340.7040287585335
*c1ccc2ccc3c(*)cc(C#C)c4ccc1c2c34,1281.8011407911877
*c1ccc2ccc3c(*)cc(C#CC=C)c4ccc1c2c34,1306.390095112351
*/C=C/CCC*,1865.544353335389
*C1CCC1*,1688.539334266384
*CC(*)c1ccc(C)cc1C,1595.002665092678
*CC(*)c1ccc(C(C)C)cc1C(C)C,1677.7283793621125
*CC(*)c1ccc(F)cc1C,1422.4225172865893
*CC(*)c1ccc(Cl)cc1C,1315.4884251718363
*CC(*)c1ccc(Cl)cc1Cl,1074.757265685872
*CC(*)c1cc(C)ccc1C,1590.3523706952242
*CC(*)c1cc(C(C)(C)C)ccc1C,1686.9969324736683
*CC(*)c1cc(C(C)C)ccc1C(C)C,1675.632479444324
*CC(*)c1cc(Cl)ccc1Cl,1045.2265361161226
*CC(*)c1cc(F)ccc1F,1256.1000952802126
*CC(*)c1cc(C)ccc1F,1361.7045081582608
*CC(*)c1cc(Br)ccc1OCCCC,1275.3507857508548
*CC(*)C(=O)Oc1ccc(C(=O)OCCCC)cc1,1441.60086520311
*CC(*)C(=O)Oc1ccc(-c2ccccc2)cc1,1371.532133088268
*CC(*)C(=O)OCc1ccccc1,1387.0711717787908
*CC(*)C(=O)OCCc1ccccc1,1473.0380409623656
*CC(*)C(=O)Oc1cccc(N(C)C)c1,1399.3973410011083
*CC(*)C(=O)N(C)c1ccccc1,1417.9839379296523
*CC(*)C(=O)Oc1ccc(C#N)cc1,1288.5957079844532
*CC(*)C(=O)OCc1ccc(C#N)cc1,1325.8705509622275
*CC(*)C(=O)Oc1ccccc1Cl,1166.9399307424083
*CC(*)C(=O)Oc1ccc(Cl)cc1Cl,1042.0021504516556
*CC(*)C(=O)Oc1cccc2ccccc12,1325.0673927039775
*CC(*)C(=O)N(C)C,1463.840882457871
*CC(*)C(=O)NC(C)CC,1628.4126157576388
*CC(*)C(=O)NC(C)(C)C,1599.1817415519324
*CC(*)C(=O)N(C(C)C)C(C)C,1612.0632511083097
*CC(*)(C)C(=O)OCCCCC,1582.9662985095529
*CC(*)(C)C(=O)OCC(CC)CCCC,1759.8969978672064
*CC(*)(C)C(=O)OCCC(C)(C)C,1602.8319944553514
*CC(*)(C)C(=O)OC(C)C(C)(C)C,1634.7841378584549
*CC(*)(C)C(=O)OCCOC,1546.9677294608794
*CC(*)(C)C(=O)OCCNC(C)(C)C,1570.6968340242292
*CC(*)(C)C(=O)OCCC#N,1335.2795837241038
*CC(*)(C)C(=O)OCC[N+](=O)[O-],1322.4610137341786
*CC(*)(C)C(=O)OC(F)(F)C(F)(F)C(F)(F)C(F)(F)C(F)(F)C(F)(F)C(F)(F)C(F)(F)F,934.5907412529008
*CC(*)(C)C(=O)OCCS(=O)CC,1395.8320429808045
*CC(*)(C)C(=O)OCC1(C)COCOC1,1474.9490195007688
*CC(*)(C)C(=O)OCC1(C)COC(C)(C)OC1,1505.5173661122967
*CC(*)(C)C(=O)OCC(C)(C)C1OCC(C)(C)CO1,1503.2330762407967
*CC(*)(C)C(=O)OC12CC3CC(CC(C3)C1)C2,1487.9647098970972
*CC(*)(C)C(=O)OC12CC3CC(C)(CC(C)(C3)C1)C2,1601.9556104122444
*CC(*)(C)C(=O)Oc1ccc(CC#N)cc1,1297.1122827863226
*CC(*)(CC)C(=O)OCC,1528.5306948980635
*CC(*)(CC(=O)OCC)C(=O)OCC,1489.088020911824
*CC(*)(CC(=O)OCCCC)C(=O)OCCCC,1603.2225512178893
*CC(*)(C#N)C(=O)OCCCC,1447.7332215109675
*CC(*)(CF)C(=O)OC,1304.1500638521359
*CC(*)(CF)C(=O)OCC,1348.77326999042
*CC(*)(Cl)C(=O)OC(C)C,1220.9800407654388
*CC(*)(CC(=O)OC1CCCCC1)C(=O)OC1CCCCC1,1535.7882974593504
*CC(*)(CC(=O)Oc1ccccc1)C(=O)Oc1ccccc1,1315.6793158966702
*CC(*)(CC(=O)OCc1ccccc1)C(=O)OCc1ccccc1,1353.7815037555595
*CC(*)(CC(=O)OCCc1ccccc1)C(=O)OCCc1ccccc1,1432.4649246637746
*CC(*)(CC(=O)OCCCc1ccccc1)C(=O)OCCCc1ccccc1,1448.0811938293898
*CC(*)C(=O)Oc1ccc(Cl)cc1,1171.3861609660908
*CC(*)(C)C(=O)Oc1ccc(C#N)cc1,1330.906810572594
*CC(*)C(=O)OCCC(C)C,1620.938687117771
*CC(*)C(=O)OCC(C)CCC,1568.7838180247481
*CC(*)C(=O)OCCC(C)OC,1566.3092264940426
*CC(*)(C)C(=O)OC1CCC(C(C)(C)C)CC1,1661.6913191441856
*CC(*)(C)C(=O)OCC(C)(C)C,1546.1877219966086
*CC(*)(C)C(=O)Oc1ccc(C(C)(C)C)cc1,1537.8705010497224
*CC(*)(C)C(N)=O,1456.4043609562225
*CC(*)(C)C(=O)Oc1ccc(C)cc1,1369.7761534544904
*C1C(=O)N(C2CCCCC2)C(=O)C1*,1278.1621264657097
*CC(*)(CC(=O)OCCCCC)C(=O)OCCCCC,1627.536003368867
*CC(*)(CC(=O)OCCCCCC)C(=O)OCCCCCC,1685.5915207976823
*c1ccc2c(c1)C(=O)N(c1ccc(Oc3ccc(C(c4ccc(Oc5ccc(N6C(=O)c7ccc(C(*)(C(F)(F)F)C(F)(F)F)cc7C6=O)cc5C(F)(F)F)cc4)(C(F)(F)F)C(F)(F)F)cc3)c(C(F)(F)F)c1)C2=O,1090.0117794269418
*c1ccc2c(c1)C(=O)N(c1ccc(C(c3ccc(N4C(=O)c5ccc(C(*)(C(F)(F)F)C(F)(F)F)cc5C4=O)cc3)(C(F)(F)F)C(F)(F)F)cc1)C2=O,1097.5745297502663
*c1ccc2c(c1)C(=O)N(c1cccc(C(c3cccc(N4C(=O)c5ccc(C(*)(C(F)(F)F)C(F)(F)F)cc5C4=O)c3)(C(F)(F)F)C(F)(F)F)c1)C2=O,1092.952539919479
*c1ccc(Oc2ccc(C(c3ccc(Oc4ccc(-n5c(=O)c6cc7c(=O)n(*)c(=O)c7cc6c5=O)cc4C(F)(F)F)cc3)(C(F)(F)F)C(F)(F)F)cc2)c(C(F)(F)F)c1,1103.9696729415273
*c1ccc2c(c1)C(=O)N(c1ccc(Oc3ccc(N4C(=O)c5ccc(C(*)(C(F)(F)F)C(F)(F)F)cc5C4=O)cc3)cc1)C2=O,1136.7372699689715
*Oc1c(Br)cc(cc1Br)C(c1cc(Br)c(c(c1)Br)OC(=O)*)(C)C,802.8302226796337
*Oc1c(Cl)cc(cc1Cl)C(c1cc(Cl)c(c(c1)Cl)OC(=O)*)(C)C,1020.3065677272916
*Oc1c(C)cc(C(c2cc(C)c(OC(*)=O)c(C)c2)(C(F)(F)F)C(F)(F)F)cc1C,1169.0674762070744
*Oc1ccc(S(=O)(=O)c2ccc(Oc3c(C)cc(C(c4cc(C)c(*)c(C)c4)(C(F)(F)F)C(F)(F)F)cc3C)cc2)cc1,1156.2094855187675
*Oc1ccc(Oc2ccc(Oc3ccc(S(=O)(=O)c4ccc(*)cc4)cc3)cc2)cc1,1255.7048226832912
*Sc1ccc(*)cc1,1193.254547673639
*c1ccc(Cc2ccc(-n3c(=O)c4cc5c(=O)n(*)c(=O)c5cc4c3=O)cc2)cc1,1232.3804356230596
*Oc1ccc(S(=O)(=O)c2ccc(Oc3ccc(-c4ccc(*)cc4)cc3)cc2)cc1,1232.5383827974777
*Oc1ccc(S(=O)(=O)c2ccc(Oc3ccc(Cc4ccc(*)cc4)cc3)cc2)cc1,1283.327364973803
*Oc1ccc(S(=O)(=O)c2ccc(Oc3ccc(C4(c5ccc(*)cc5)c5ccccc5-c5ccccc54)cc3)cc2)cc1,1283.6994842028007
*c1ccc(C(C)(C)c2ccc(-n3c(=O)c4cc5c(=O)n(*)c(=O)c5cc4c3=O)cc2)cc1,1261.2443855555712
*Oc1ccc(C2(c3ccc(OC(*)=O)cc3)c3ccccc3-c3ccccc32)cc1,1306.488426050622
*Oc1ccc(S(=O)(=O)c2ccc(Oc3ccc(C(C)(c4ccccc4)c4ccc(*)cc4)cc3)cc2)cc1,1301.0031248741154
*Oc1ccc(S(=O)(=O)c2ccc(Oc3ccc(C(C)(C)c4ccc(*)cc4)cc3)cc2)cc1,1302.345643314654
*c1cccc(N2C(=O)c3ccc(Oc4ccc5c(c4)C4(CC(C)(C)c6ccc(Oc7ccc8c(c7)C(=O)N(*)C8=O)cc64)CC5(C)C)cc3C2=O)c1,1315.8817753997787
*Oc1ccc(C2(c3ccc(OC(*)=O)cc3)CC3CCC2C3)cc1,1394.1772550409703
*Oc1ccc(C(C)(c2ccccc2)c2ccc(OC(*)=O)cc2)cc1,1323.9142323880615
*Oc1ccc(C(C)(C)c2ccc(OC(=O)c3ccc(C(*)=O)cc3)cc2)cc1,1351.9279620575614
*Oc1ccc(C(C)(C)c2ccc(OC(=O)c3cccc(C(*)=O)c3)cc2)cc1,1344.5837955300196
*CC(*)c1ccc(Cl)cc1,1245.9263130304976
*Oc1ccc(S(=O)(=O)c2ccc(Oc3ccc(C(C)(C)c4ccc(*)c(C)c4)cc3C)cc2)cc1,1331.00302241897
*Oc1ccc(C2(c3ccc(OC(*)=O)cc3)CCCCC2)cc1,1388.4904676801557
*CC(*)c1ccc(F)cc1,1336.3238503681428
*Oc1ccc(S(=O)(=O)c2ccc(Oc3ccc(C4(c5ccc(*)c(C)c5)CCCCC4)cc3C)cc2)cc1,1353.2284251834715
*Oc1ccc(S(=O)(=O)c2ccc(Oc3c(C)cc(Cc4cc(C)c(*)c(C)c4)cc3C)cc2)cc1,1337.7437257747697
*Oc1c(-c2ccccc2)cc(*)cc1-c1ccccc1,1360.8258686041902
*Oc1ccc2c(c1)C1(CC2(C)C)CC(C)(C)c2ccc(OC(=O)c3ccc(C(*)=O)cc3)cc21,1385.1179198758732
*Oc1ccc2c(c1)C1(CC2(C)C)CC(C)(C)c2ccc(OC(=O)c3cccc(C(*)=O)c3)cc21,1404.0624502888008
*Oc1ccc(S(=O)(=O)c2ccc(Oc3c(C)cc(C(C)(C)c4cc(C)c(*)c(C)c4)cc3C)cc2)cc1,1355.3133001607284
*Oc1ccc(C2(c3ccc(OC(*)=O)cc3)CC(C)CC(C)(C)C2)cc1,1430.0494294323885
*Oc1ccc2c(c1)C1(CC2(C)C)CC(C)(C)c2ccc(OC(*)=O)cc21,1431.9505129919803
*Oc1c(C)cc(*)cc1C,1428.0389142464787
*Oc1c(C)cc(C(C)(C)c2cc(C)c(OC(*)=O)c(C)c2)cc1C,1455.4250187577002
*CC(*)(CC(=O)OCCC)C(=O)OCCC,942.8552831122927
*CC(*)(CC(=O)Oc1ccccc1C)C(=O)Oc1ccccc1C,1348.8126403130273
*CC(*)(CC(=O)Oc1cccc(C)c1)C(=O)Oc1cccc(C)c1,1288.696269429653
CC1=CC2=C(CN3CN2CC2=C3C=C(C)C(N3C(=O)C4=CC=C(C=C4C3=O)C(C3=CC4=C(C=C3)C(=O)N(*)C4=O)(C(F)(F)F)C(F)(F)F)=C2C)C(C)=C1*,1222.2282715671122
CC1=CC2=C(CN3CN2CC2=C3C=C(C)C(N3C(=O)C4=CC5=C(C=C4C3=O)C(=O)N(*)C5=O)=C2C)C(C)=C1*,1224.7923087790095
CC1=CC2=C(CN3CN2CC2=C3C=C(C)C(N3C(=O)C4=CC5=C(C=C4C3=O)C3(C4=CC6=C(C=C4C4=C3C=CC=C4)C(=O)N(*)C6=O)C3=C5C=CC=C3)=C2C)C(C)=C1*,1301.8416561188646
CC1=CC2=C(CN3CN2CC2=C3C=C(C)C(N3C(=O)C4=CC5=C(C=C4C3=O)C3(CC(C)(C)C4=CC6=C(C=C34)C(=O)N(*)C6=O)CC5(C)C)=C2C)C(C)=C1*,1381.8745977003018
CC1=CC2=C(C=C1N1C(=O)C3=C(C=C(C=C3)C(C3=CC=C4C(=O)N(*)C(=O)C4=C3)(C(F)(F)F)C(F)(F)F)C1=O)C1C2C2CC1C1C2C2=CC(*)=C(C)C=C12,1210.7501917493078
CC1=CC2=C(C3C2C2CC3C3C2C2=C(C)C(*)=C(C)C=C32)C(C)=C1N1C(=O)C2=C(C=C(C=C2)C(C2=CC=C3C(=O)N(*)C(=O)C3=C2)(C(F)(F)F)C(F)(F)F)C1=O,1234.1434068260355
CC1=CC(=CC2=C1C1C2C2CC1C1C2C2=C(C)C=C(*)C=C12)N1C(=O)C2=C(C=C(C=C2)C(C2=CC=C3C(=O)N(*)C(=O)C3=C2)(C(F)(F)F)C(F)(F)F)C1=O,1157.9654033778725
CC1=CC(C2=CC(C)=C(*)C3=C2C=CC=C3)=C2C=CC=CC2=C1N1C(=O)C2=CC3=C(C=C2C1=O)C1(CC(C)(C)C2=CC4=C(C=C12)C(=O)N(*)C4=O)CC3(C)C,1354.1712471515746
CC1(C)CC2(CC(C)(C)C3=C2C=C2C(=O)N(C(=O)C2=C3)C2=CC3=C(C=C2)C(C)(C)C2(CC4=C(C=CC(*)=C4)C2(C)C)C3)C2=CC3=C(C=C12)C(=O)N(*)C3=O,1377.1780417948855
CC1=C(C)C(N2C(=O)C3=CC4=C(C=C3C2=O)C2(CC(C)(C)C3=CC5=C(C=C23)C(=O)N(*)C5=O)CC4(C)C)=C(C)C(C)=C1*,1384.7600286777242
CC1C=C(C2=C(C=CC=C2)C1*)C1=C2C=CC=CC2=C(N2C(=O)C3=CC4=C(C=C3C2=O)C2(C)CCC4(C)C3=C2C=C2C(=O)N(*)C(=O)C2=C3)C(C)=C1,1342.0714813690165
*CC(*)(CC(=O)Oc1ccc(C)cc1)C(=O)Oc1ccc(C)cc1,1339.7768920416815
*CC(*)(C#N)C(=O)OCC,1336.514712779585
*CCC(C(=O)OCC)C(*)C(=O)OCC,1471.5852260500928
*C1C(=O)N(c2ccccc2)C(=O)C1*,1276.6076172048656
*C1C(=O)N(c2ccc(C)cc2)C(=O)C1*,1307.786091298651
*CC(*)(C)C(=O)Oc1ccc(C)cc1C,1435.507134612431
*CC(*)(C)C(=O)OCCN(CC)S(=O)(=O)C(F)(F)C(F)(F)C(F)(F)C(F)(F)C(F)(F)C(F)(F)C(F)(F)C(F)(F)F,1003.3621236117915
*CC(*)(C#N)C(=O)OCCCCCC,1478.1388771680085
*CC(*)(C)C(=O)OCC1CO1,1410.2339592370854
*CC(*)(C)C(=O)OCCN(CC)c1ccc(/N=N/c2ccc([N+](=O)[O-])cc2)cc1,1393.8261296402993
*CC(*)C(=O)OCCN(CC)c1ccc(/N=N/c2ccc([N+](=O)[O-])cc2)cc1,1377.1520206848677
*CC(*)C(=O)OCCCCCC(=O)Oc1ccc(-c2ccc(C#N)cc2)cc1,1418.0166343813776
*CCCC(*)(C)C(=O)O,1418.6951254669675
*CC(*)(C)C(=O)NC(=O)OC(C)COc1c(Br)cc(S(=O)(=O)c2cc(Br)c(OCC(C)O)c(Br)c2)cc1Br,941.2181991317614
*CC(*)C(=O)OCCCCCCOc1ccc(C(=O)Oc2ccc(C#N)cc2)cc1,1324.3067883702133
*CC(*)(C)C(=O)OCCCCn1c2ccccc2c2ccccc21,1447.465022724994
*CCCCCCCCCCN/C(C)=N/*,1747.8489621219637
*CCCCCOC(=O)CCCCCNC(=O)O*,1758.3683504995158
*OC(=O)C(Cc1ccccc1)NC(=O)CCCCCCCCCCC(=O)NC(Cc1ccccc1)C(=O)OC1COC2C(*)COC12,1451.7630547736355
*CCN(*)C(=O)CCCCCCCCCCCC,1762.1557137596524
*CCN(*)C(=O)CCC(F)(F)C(F)(F)C(F)(F)C(F)(F)C(F)(F)C(F)(F)C(F)(F)C(F)(F)F,962.3419572448405
*OC(C)COC(=O)CCCCSCCCCC(*)=O,1536.3417805084614
*Oc1cccc(Oc2ccc(C(=O)Nc3ccc(Oc4ccc(NC(=O)c5ccc(*)cc5)cc4)cc3)cc2)c1C#N,1236.9886456570812
*c1ccc(Sc2ccc(N3C(=O)c4ccc(-c5ccc6c(c5)C(=O)N(*)C6=O)cc4C3=O)cc2)cc1,1191.5720251120342
*c1nc2cc(-c3ccc4[nH]c(-c5ccc(*)o5)nc4c3)ccc2[nH]1,1236.8889648686722
*OS(=O)(=O)c1cccc(S(=O)(=O)Oc2ccc(C3(c4ccc(*)cc4)CCCCC3)cc2)c1,1249.6904460720762
*c1sc(*)c2sc(CCCCCCCCC)nc12,1429.473711913609
*CC(*)c1ccc(C(=O)N2CCOCC2)cc1,1430.979226137227
*CC(*)c1ccc(COCCCCCC)cc1,1655.0293192952552
*CC(*)c1ccc(COCCOCCCC)cc1,1734.8588872555113
*CC(*)c1ccc(C(=O)N(C)C)cc1,1488.2697293296064
*CC(*)c1ccc(C(=O)N(CC)CC)cc1,1555.3010776420908
*CC(*)c1ccc(C(=O)N2CCCCC2)cc1,1546.2838397101498
*CC(*)c1ccc(C(=O)CCN2CCCCC2)cc1,1534.159462603853
*CCCC1CCN(C(=O)SSCCCCSSC(=O)N2CCC(*)CC2)CC1,1347.2902185821354
*CCCCOC(=O)SSSSC(=O)O*,1080.7259444830124
*CCCCSSCCCSS*,1233.6829049550047
*CCc1ccc(CCOC(=O)CCc2ccc(CCC(=O)O*)cc2)cc1,1446.2347514385606
*Oc1ccc(/C=N/c2ccc(/N=C/c3ccc(OC(=O)CCCCC(*)=O)c(OC)c3)cc2)cc1OC,1367.7900194081233
*Oc1ccc(/C=N/c2ccc(/N=C/c3ccc(OC(=O)c4cccc(C(*)=O)c4)c(OC)c3)cc2)cc1OC,1328.876310176971
*Oc1ccc(/C=N/c2ccc(/N=C/c3ccc(OC(=O)CCCCCCCCC(*)=O)c(OC)c3)cc2)cc1OC,1396.1700401604235
*CCc1ccc(CCOC(=O)c2ccc(C(=O)O*)cc2)cc1,1332.0897823159407
*CCCCCc1ccc(CCCCCOC(=O)c2ccc(C(=O)O*)cc2)cc1,1477.58932894492
*CCCCc1ccc(CCCCOC(=O)c2ccc(C(=O)O*)cc2)cc1,1423.6600783520985
*CCCc1ccc(CCCOC(=O)c2ccc(C(=O)O*)cc2)cc1,1385.2410603316243
*CCCCCCCCCCCCCCOC(=O)c1ccc(C(=O)NCCCCCNC(=O)c2ccc(C(=O)O*)cc2)cc1,1568.1412952422947
*CCCCCCCCCCCCCCOC(=O)c1ccc(C(=O)NCCCCCCNC(=O)c2ccc(C(=O)O*)cc2)cc1,1475.0255884720755
*CCCCCCCCCCCCCCOC(=O)c1ccc(C(=O)NCCNC(=O)c2ccc(C(=O)O*)cc2)cc1,1504.4032734966336
*CCCCOC(=O)CCCCCNC(=O)CCCCC(=O)NCCCCCC(=O)O*,1506.8410528380505
*CCCCOC(=O)CCCCCCCC(=O)O*,1597.4715593806595
*CCCCOC(=O)c1ccccc1-c1ccccc1C(=O)O*,1384.2338279715307
*CCCCOC(=O)c1cccc(-c2cccc(C(=O)O*)c2)c1,1399.5488316191177
*CCCCOC(=O)c1ccc(-c2ccc(C(=O)O*)cc2)cc1,1378.9218812346667
*Oc1ccc(C2(c3ccc(OC(*)=O)cc3)CCCC2)cc1,1312.6710967262131
*Oc1ccc(C(CCC)(CCC)c2ccc(OC(*)=O)cc2)cc1,1457.0475320050323
*Oc1ccc(C2(c3ccc(OC(*)=O)c(C)c3)CCCCC2)cc1C,1442.2601620154198
*Oc1c(Cl)cc(C2(c3cc(Cl)c(OC(*)=O)c(Cl)c3)CCCCC2)cc1Cl,1094.4975847856879
*Oc1ccc(C2(c3ccc(OC(*)=O)c(Cl)c3)CCCCC2)cc1Cl,1192.4725556980102
*CCc1ccc(*)c(C(=O)OC)c1,1429.5930653613043
*CCc1ccc(*)c(C(C)=O)c1,1483.4268281216214
*CCc1cc(*)c(C)cc1C,1608.765431537172
*/C(=C(\c1ccccc1)c1ccc(*)cc1)c1ccccc1,1383.8483253332502
*c1ccc(C2C(C(=O)Oc3ccccc3)C(*)C2C(=O)Oc2ccccc2)cc1,1352.1747143686487
*c1ccc(C2C(C#N)(C(=O)OCCC)C(*)C2(C#N)C(=O)OCCC)cc1,1318.2726644553154
*CCCCCCCCCCc1ccc(-c2c(-c3ccccc3)cc(-c3cccc(-c4cc(-c5ccccc5)c(-c5ccc(*)cc5)c(-c5ccccc5)c4-c4ccccc4)c3)c(-c3ccccc3)c2-c2ccccc2)cc1,1445.733864375301
CCNC(=O)OCCCCC(*)=C=C=C(*)CCCCOC(=O)NCC,1646.0047959967144
Cc1ccc(cc1)S(=O)(=O)OCCCCC(*)=C=C=C(*)CCCCOS(=O)(=O)c1ccc(C)cc1,1342.7631352400585
*CC(c1ccccc1)c1ccc(*)cc1,1462.7691043898371
*c1ccc(C(F)(F)C(*)(F)F)cc1,1060.754775637834
*c1ccc(Oc2ccc(-c3csc(/N=C/c4ccc(OCCOc5ccc(/C=N/c6nc(*)cs6)cc5OC)c(OC)c4)n3)cc2)cc1,1273.998106112082
*c1ccc(Oc2ccc(-c3csc(/N=C/c4ccc(OCCCCOc5ccc(/C=N/c6nc(*)cs6)cc5OC)c(OC)c4)n3)cc2)cc1,1282.1104980559169
*c1ccc(Oc2ccc(-c3csc(/N=C/c4ccc(OCCCCCCOc5ccc(/C=N/c6nc(*)cs6)cc5OC)c(OC)c4)n3)cc2)cc1,1326.274695211092
*c1ccc(Oc2ccc(-c3csc(/N=C/c4ccc(OCCCCCCCCOc5ccc(/C=N/c6nc(*)cs6)cc5OC)c(OC)c4)n3)cc2)cc1,1388.474720654232
*c1ccc(Oc2ccc(-c3csc(/N=C/c4ccc(OCCCCCCCCCCOc5ccc(/C=N/c6nc(*)cs6)cc5OC)c(OC)c4)n3)cc2)cc1,1374.345749537938
*CC(=O)c1ccc(Oc2ccc(C(=O)COc3ccc(/C=C4\CC/C(=C\c5ccc(O*)cc5)C4=O)cc3)cc2)cc1,1334.3808435005149
*CC(=O)c1ccc(Oc2ccc(C(=O)COc3ccc(/C=C4\CC/C(=C\c5ccc(O*)c(OC)c5)C4=O)cc3OC)cc2)cc1,1350.5214222583872
*Oc1ccc(/N=C/C=N/c2ccc(OC(=O)NC3CC(C)(C)CC(C)(CNC(*)=O)C3)cc2)cc1,1374.1391713556147
*Oc1ccc(/N=C/C=N/c2ccc(OC(=O)Nc3cc(NC(*)=O)ccc3C)cc2)cc1,1305.0756095034612
*Oc1ccc(/N=C/C=N/c2ccc(OC(=O)Nc3ccc(Cc4ccc(NC(*)=O)cc4)cc3)cc2)cc1,1283.857850194791
*Oc1ccc(/N=C/C=N/c2ccc(OC(=O)NCCCCCCNC(*)=O)cc2)cc1,1413.723912012931
*Oc1ccc(/N=C/CCC/C=N/c2ccc(OC(=O)Nc3ccc(Cc4ccc(NC(*)=O)cc4)cc3)cc2)cc1,1365.0705354252239
*Oc1ccc(/N=C/CCC/C=N/c2ccc(OC(=O)Nc3cc(NC(*)=O)ccc3C)cc2)cc1,1348.7810830156816
*Oc1ccc(/N=C/CCC/C=N/c2ccc(OC(=O)NC3CC(C)(C)CC(C)(CNC(*)=O)C3)cc2)cc1,1428.5944461555653
*Oc1ccc(/N=C/CCC/C=N/c2ccc(OC(=O)NCCCCCCNC(*)=O)cc2)cc1,1496.0593772900713
*OS(=O)(=O)c1cccc(C(=O)c2cccc(S(=O)(=O)Oc3ccc(C(C)(C)c4ccc(*)cc4)cc3)c2)c1,1258.8617474636003
*CCC(*)=O,1419.3576514767474
*C(=O)C(*)(C)C,1508.621521349341
*Oc1ccc(C(=O)c2ccc(*)cc2)cc1,1277.6447948375146
*NC(=O)NCCCCCCNC(=O)Nc1cccc(*)n1,1463.106772839948
*NC(=O)Nc1ccc(Cc2ccc(NC(=O)Nc3cccc(*)n3)cc2)cc1,1304.628901034332
*c1ccc(NC(=O)Nc2ccc(NC(=O)Nc3ccc(-c4nc(C#N)c(C#N)nc4*)cc3)cc2)cc1,1256.462387923786
*CC(*)C=C(C)C,1707.977401659648
*CC/C=C(/*)CCCCCCCCCC,1977.6441586671776
*CC/C(C)=C(/*)C,1694.5933106489904
*/C=C/C(C)C(*)C,1721.2433390485432
*/C=C/C(C)(C)C(*)(C)C,1757.1235790795095
*/C=C/C(C(=O)OC(C)C)C(*)C(=O)OC(C)C,1498.9260802459096
*CCCCCC(=O)O*,1623.8102437978869
*CC(*)Cl,1047.2852087041138
*CCc1ccc(-c2ccc(*)cc2)cc1,1484.5831929986796
*C(CCCCOC(=O)Nc1ccccc1)=C=C=C(*)CCCCOC(=O)Nc1ccccc1,1443.806287202987
*/C=C/c1ccc(*)cc1,1398.3332193154158
*c1cccc(*)c1,1401.367135646566
*CCCCCCCCCCCCCCc1ccc(-c2c(-c3ccccc3)cc(-c3ccc(-c4cc(-c5ccccc5)c(-c5ccc(*)cc5)c(-c5ccccc5)c4-c4ccccc4)cc3)c(-c3ccccc3)c2-c2ccccc2)cc1,1461.8772785171057
*CCc1ccc(*)c2ccccc12,1449.0309919230228
*c1ccc(C2C(C(=O)OCC)C(*)C2C(=O)OCC)cc1,1365.2616169896714
*CCc1c(Cl)c(Cl)c(*)c(Cl)c1Cl,887.3750569169839
*C(Cn1c2ccccc2c2ccccc12)=C=C=C(*)Cn1c2ccccc2c2ccccc12,1341.8473036560035
*C1CCCCC1S(*)(=O)=O,1299.0458031969322
*CC(C)S(*)(=O)=O,1250.799125314344
*CCCNS(*)(=O)=O,1266.000540782641
*c1ccc(Cc2ccc(S(*)(=O)=O)cc2)cc1,1227.0299348717626
*CCCCCCS(=O)(=O)CCCCCS(*)(=O)=O,1420.7357675723863
*CC(C)(C)CS(*)(=O)=O,1233.2105986059064
*CCCCCCS(*)(=O)=O,1436.4471572318273
*CCCS(*)(=O)=O,1256.206212768885
*OS(=O)(=O)c1cccc(S(=O)(=O)Oc2ccc(C(C)(C)c3ccc(*)cc3)cc2)c1,1216.802079559649
*OS(=O)(=O)c1ccc(-c2ccc(S(=O)(=O)Oc3ccc(-c4ccc(*)cc4)cc3)cc2)cc1,1115.0786512966333
*CCC1CCC(*)C1,1758.5798592567512
*CCC1CC(*)C2C3CCC(C3)C12,1710.1723403504975
*C1CCC(*)C1,1742.2624056383097
*C1CC2CC1C(*)C2CCCCCCCCCC,1880.639101226262
*CCCCCC(*)CCCCCCCC,1802.5309940952156
*C1CC2CC1C(*)C2CCCCCC,1812.9757439599807
*C1CC2CC1C(*)C2CCCC,1761.6957454305857
*CCCCCC(*)CCCCCC,1863.0450725271905
*CCC([2H])C(*)([2H])C,1823.0353287409264
*C1C2CCC(C2)C1*,1667.9354364983076
*C1CC2C3CCC(C3)C2C1*,1653.7188839721925
*CC(*)c1cccc(OC(C)=O)c1,1302.7896697334131
*CC(*)c1c(F)c(F)c(C(F)(F)F)c(F)c1F,1003.7041192306374
*CC(*)c1ccc(-c2ccc3c(c2)C(CCCCCC)(CCCCCC)c2cc(-c4ccc5c(c4)C(CCCCCC)(CCCCCC)c4ccccc4-5)ccc2-3)cc1,1558.3203530081223
*CC(*)c1ccc(COc2ccc(-c3ccc(C#N)cc3)cc2)cc1,1386.2783986519632
*CCCCCCCCCCCC(c1ccc(O)cc1)C(*)c1ccc(O)cc1C,1651.1777655315457
*CCCCCCCCCCC(c1ccc(O)cc1)C(*)c1ccc(O)cc1C,1606.6354842144008
*CC(*)c1cccc(N(c2ccc(C)cc2)c2ccc(C)cc2)c1,1418.1074247648178
*CC(*)c1ccc(-c2ccc3c(c2)C(CCCCCC)(CCCCCC)c2ccccc2-3)cc1,1535.4832394176708
*CC(*)c1cccc(NC(C)=O)c1,1449.394848054144
*CCCCCCCCCCCCC(c1ccc(O)cc1)C(*)c1ccc(O)cc1C,1650.5204958845347
*CC(*)c1c([2H])c([2H])c([2H])c([2H])c1[2H],1519.4689983225642
*CC(*)c1ccc(S(=O)(=O)O)cc1,1212.1649913370006
*CC(*)c1cc(-c2ccc(C(=O)OC(C)CCCCCC)cc2)ccc1-c1ccc(C(=O)OC(C)CCCCCC)cc1,1526.215954893142
*CC(*)c1ccc(O)c(OC)c1,1448.8899165883593
*CCN(CCOC(=O)Nc1ccc(Cc2ccc(NC(=O)O*)cc2)cc1)c1ccc(/N=N/c2ccc([N+](=O)[O-])cc2)c(C)c1,1300.4669111553608
*CCN(CCOC(=O)Nc1ccc(C)c(NC(=O)O*)c1)c1ccc(/N=N/c2ccc([N+](=O)[O-])cc2)cc1,1263.4390017679216
*CCN(CCOC(=O)NCCCCCCNC(=O)O*)c1ccc(/N=N/c2ccc([N+](=O)[O-])cc2)c(C)c1,1348.43201419682
*CC(C)(COC(=O)Nc1ccc(Cc2ccc(NC(=O)O*)cc2)cc1)CN(C)C,1426.8213115481167
*CC(C)(COC(=O)NCCCCCCNC(=O)O*)CN(C)C,1528.1159327596351
*COC(=O)NCCCCCCNC(=O)OCc1cccc(*)n1,1421.5190410047655
*CCCCCCCCOC(=O)NNC(=O)CCCCCCCCC(=O)NNC(=O)O*,1541.5004731074948
*CCOC(=O)N(Cc1ccccc1)c1ccc(C)c(N(Cc2ccccc2)C(=O)O*)c1,1375.9653593756568
*CCCCOC(=O)NC1CCC(CC2CCC(NC(=O)O*)CC2)CC1,1552.396887020335
*CCCOC(=O)N1CCC(*)CC1,1548.9177893046717
*C(=O)Nc1ccc(C2(c3ccc(NC(=O)c4ccc5c(c4)C(=O)N(c4ccc(C6(c7ccc(N8C(=O)c9ccc(*)cc9C8=O)cc7)c7ccccc7-c7ccccc76)cc4)C5=O)cc3)c3ccccc3-c3ccccc32)cc1,1280.1937998446997
*c1ccc(Oc2ccc(Oc3ccc(N4C(=O)C(c5ccccc5)=C(c5ccc(C6=C(c7ccccc7)C(=O)N(*)C6=O)cc5)C4=O)cc3)cc2)cc1,1270.26373007739
*c1cccc(C(=O)Nc2ccc(Oc3ccc(Oc4ccc(NC(=O)c5cccc(N6C(=O)c7ccc(-c8cccc9c8C(=O)N(*)C9=O)cc7C6=O)c5)cc4)cc3)cc2)c1,1245.3206491360438
*C(=O)Nc1ccc(NC(=O)c2ccc3c(c2)C(=O)N(c2ccc(Oc4cccc5c(N6C(=O)c7ccc(*)cc7C6=O)cccc45)cc2)C3=O)cc1,1241.782177870447
*Nc1ccc(*)c(Cl)c1Cl,985.9795805044533
*CC(C)(C)C1C(=O)N(C)C(=O)C1*,1468.5213982753748
*CCCCc1nc2cc3nc(*)[nH]c3cc2[nH]1,1389.6401998694473
