PID,SMILES,Cp,std
P010014,*CC(*)(C)C,3898.200963,0.0
P040002,*CC(*)C(=O)OC,2802.039721,0.0
P070013,*CCO*,4328.036942,0.0
P070064,*CCCCO*,4521.503929,0.0
P070074,*Oc1ccc(*)cc1,2630.297621,0.0
P130002,*c1ccc(Oc2ccc(-n3c(=O)c4cc5c(=O)n(*)c(=O)c5cc4c3=O)cc2)cc1,2267.827718,0.0
P410033,*CCCNC(=O)O*,2568.567791,0.0
P040001,*CC(*)C(=O)O,2733.99145,0.0
P090098,*CCCCCCCCCCCCCC(=O)O*,3955.455817,0.0
P030024,*CC(*)OC(C)=O,2825.695237,0.0
P030071,*CC(*)OC(=O)c1ccc(C(C)(C)C)cc1,3250.625335,0.0
P030121,*CC(*)OC(=O)c1ccc(CC)cc1,3063.871697,0.0
P030132,*CC(*)OC(=O)c1ccc(C(C)C)cc1,3091.813753,0.0
P030177,*CC(*)(CC(=O)OCCCCCCC)C(=O)OCCCCCCC,3834.159977,0.0
P040007,*CC(*)C(=O)OCC(C)C,3423.828662,0.0
P040047,*CC(*)(C)C(=O)O,2895.045634,0.0
P040054,*CC(*)(C)C(=O)OCC(C)C,3500.523267,0.0
P050001,*CC(*)F,2826.963817,0.0
P050003,*CC(*)(F)F,2031.460639,0.0
P050005,*C(F)C(*)(F)F,1630.410077,0.0
P050007,*C(F)(F)C(*)(F)Cl,1272.048985,0.0
P060002,*CC/C=C(/*)C,4346.992244,0.0
P060017,*CC(*)C=C,3562.065836,0.0
P070056,*CCCO*,3764.880669,0.0
P070060,*CC(CCl)(CCl)CO*,1915.713155,0.0
P070066,*CCCCCCCCO*,3599.946401,0.0
P070079,*Oc1c(OC)cc(*)cc1OC,2724.858473,0.0
P070089,*CCOCO*,3236.835932,0.0
P070090,*CCCCOCO*,3953.358119,0.0
P070366,*c1ccc(Oc2ccc(-c3nc4cc(-c5ccc6nc(-c7ccccc7)c(*)nc6c5)ccc4nc3-c3ccccc3)cc2)cc1,2702.141398,0.0
P070466,*Oc1ccc(Oc2ccc(C(=O)c3ccc(*)cc3)cc2)cc1,2634.52864,0.0
P070557,*c1ccc(-c2nc3cc4nc(*)oc4cc3o2)cc1,2405.140156,0.0
P070646,*Oc1ccc(NC(=O)c2cc(C(=O)Nc3ccc(*)cc3)c(C(=O)O)cc2C(=O)O)cc1,2399.669961,0.0
P090027,*CCOC(=O)c1ccc(C(=O)O*)cc1,2445.716634,0.0
P090029,*CCCCOC(=O)c1ccc(C(=O)O*)cc1,2784.238925,0.0
P090043,*CCOC(=O)c1ccc2cc(C(=O)O*)ccc2c1,2585.708422,0.0
P090091,*CCCCCCCCCCCCC(=O)O*,3701.456655,0.0
P090134,*CCCOC(=O)c1ccc(C(=O)O*)cc1,2444.691072,0.0
P340017,*CC(*)(CC(=O)OCCCCCCCC)C(=O)OCCCCCCCC,3921.55596,0.0
P340018,*CC(*)(CC(=O)OCCCCCCCCC)C(=O)OCCCCCCCCC,3929.137847,0.0
P340083,*CC(*)(CC(=O)Oc1ccc(OCCCCCCC)cc1)C(=O)Oc1ccc(OCCCCCCC)cc1,3572.35214,0.0
P370214,*CC1=CC2C(=NC(O2)c2cccc(c2)C2N=C3C(O2)C=C(C=C3)*)C=C1,2816.476398,0.0
P370215,*Oc1ccc(c(c1)NC(=O)C1C(C(=O)O)C2C1C1C=CC2C(C1C(=O)O)C(=O)Nc1cc(*)ccc1N)N,2677.887274,0.0
P460064,*Nc1ccc(*)cc1,2871.15188,0.0
P460067,*c1cccc(-c2nnc3c4ccccc4nc(-c4ccc(-c5nc6ccccc6c6nnc(*)n56)cc4)n23)c1,2536.051024,0.0
P050004,*CC(*)(Cl)Cl,1353.512834,0.0
P070369,*CC(O)COc1ccc(C(C)(C)c2ccc(O*)cc2)cc1,3099.803192,0.0
P090085,*CC(=O)O*,2382.058875,0.0
P090087,*CCCC(=O)O*,3389.749894,0.0
P090088,*CCCCC(=O)O*,3422.012601,0.0
P090090,*CCCCCCCCCCC(=O)O*,3952.484081,0.0
P090093,*CCCCCCC(=O)O*,3302.697728,0.0
P090094,*CCCCCCCC(=O)O*,3909.208846,0.0
P090095,*CCCCCCCCC(=O)O*,3658.273331,0.0
P090096,*CCCCCCCCCC(=O)O*,3895.558884,0.0
P090097,*CCCCCCCCCCCC(=O)O*,4390.509442,0.0
P090177,*CCC(=O)O*,2835.688663,0.0
P100005,*CCCCCCNC(=O)CCCCC(=O)N*,3606.040854,0.0
P340071,*CC(*)(C)C(=O)OC(OCC)C(F)(F)F,2656.987118,0.0
P362030,*CC(C)(C)C1CC=C(*)CC1,3813.531097,0.0
P370131,*c1ccc(Oc2ccc(-c3cc(-c4ccccc4)c4cc5c(-c6ccccc6)cc(*)nc5cc4n3)cc2)cc1,2636.184614,0.0
P390214,*c1ccc(C(=O)NNC(=O)c2ccc(C(=O)NNC(=O)c3ccc(C4(*)OC(=O)c5ccccc54)cc3)cc2)cc1,2551.524213,0.0
P412164,*CC(C)CNC(=O)O*,3220.968317,0.0
P462237,*Cc1cc(C(C)(C)c2ccc3c(c2)CN(C)CO3)cc(CN(*)C)c1O,3026.068611,0.0
P500002,*CC(S(=O)(=O)*)CC,2619.958225,0.0
P392523,*CCCCCCCCCCCCCCCCCCCCCCOC(=O)CCC(=O)O*,3950.791103,0.0
P010001,*C*,4086.850831,0.0
P010002,*CC(*)C,3977.638821,0.0
P010003,*CC(*)CC,3709.990775,0.0
P010004,*CC(*)CCC,4158.962047,0.0
P010006,*CC(*)C(C)C,4269.590759,0.0
P010007,*CC(*)CCCC,4719.277207,0.0
P010008,*CC(*)CC(C)C,4274.828239,0.0
P010009,*CC(*)CCCCC,4473.995421,0.0
P010010,*CC(*)CCC(C)C,4378.722195,0.0
P010011,*CC(*)CCC(C)CC,4059.329155,0.0
P010012,*CC(*)CCCCCCC,4407.635021,0.0
P010013,*CC(*)CCCCCCCC,4644.602597,0.0
P010014,*CC(*)(C)C,3898.200963,0.0
P010018,*CCCC(*)(C)C,4019.886048,0.0
P010020,*CCCCCCCC(*)C,4300.961146,0.0
P010021,*CC(*)C1CC1,4022.378504,0.0
P010026,*CC(*)CC1CCCCC1,3911.051497,0.0
P010042,*CC(*)CCCCCCCCCC,4115.886418,0.0
P010049,*CC(*)C(C)CC,4111.77102,0.0
P010055,*CC(*)CC(C)(C)C,4085.411718,0.0
P010080,*CC(*)CCCCCCCCCCCCCC,4497.57289,0.0
P010086,*CC(*)CCCCCCCCCCCCC,4527.919366,0.0
P010093,*CC(*)C1CC=CCC1,3761.240231,0.0
P010104,*/C=C/C(C*)C(C)CC,4110.703636,0.0
P010106,*/C=C/CCCCCCCCCC*,4896.237719,0.0
P014525,*CC/C=C(/*)C(C)(C)C,4014.066794,0.0
P020001,*CC(*)c1ccccc1,3157.077826,0.0
P020002,*CC(*)c1ccccc1C,3341.225183,0.0
P020003,*CC(*)c1ccccc1CC,3539.479983,0.0
P020007,*CC(*)c1ccccc1COCCC,3539.105308,0.0
P020008,*CC(*)c1ccccc1COC(C)C,3421.377654,0.0
P020009,*CC(*)c1ccccc1COCCCC,3502.791566,0.0
P020010,*CC(*)c1ccccc1COCCCCC,3598.551606,0.0
P020011,*CC(*)c1ccccc1COCCC(C)C,3589.213523,0.0
P020029,*CC(*)c1ccc(C(=O)OCCN(C)C)cc1,3137.470129,0.0
P020039,*CC(*)c1cccc(Cl)c1,2530.005341,0.0
P020041,*CC(*)c1ccc(C)cc1,3262.002919,0.0
P020043,*CC(*)c1ccc(C(C)C)cc1,3610.858678,0.0
P020047,*CC(*)c1ccc(C(C)CC)cc1,3532.842022,0.0
P020050,*CC(*)c1ccc(CCCCCCCC)cc1,4019.134626,0.0
P020051,*CC(*)c1ccc(CCCCCCCCC)cc1,4083.703208,0.0
P020052,*CC(*)c1ccc(CCCCCCCCCC)cc1,4139.533567,0.0
P020053,*CC(*)c1ccc(CCCCCCCCCCCC)cc1,4057.508548,0.0
P020054,*CC(*)c1ccc(CCCCCCCCCCCCCC)cc1,4219.403364,0.0
P020055,*CC(*)c1ccc(CCCCCCCCCCCCCCCC)cc1,4132.517821,0.0
P020137,*CC(*)c1cc(Br)ccc1OCC,2245.470418,0.0
P020177,*CC(*)(C(=O)OC)c1ccccc1,2907.950937,0.0
P030004,*CC(*)OC(=O)CCCCCCCCCCCCCCC,4312.91355,0.0
P030005,*CC(*)OC(=O)CCCCCCCCCCCCCCCCC,3989.056648,0.0
P030035,*CC(*)O[N+](=O)[O-],2288.153732,0.0
P030036,*/C=C/C(C)C(*)C(=O)OC,3201.294561,0.0
P034501,*CC(*)OC(=O)CCCCCCCCCCCCCCCCCCCCC,4313.259873,0.0
P034502,*CC(*)OCCCCCCCCCCCCCCCCCC,4532.771564,0.0
P040015,*CC(*)C(=O)OCCCCCCCCCCCCCC,4179.062752,0.0
P040016,*CC(*)C(=O)OCCCCCCCCCCCCCCCC,4282.742942,0.0
P040017,*CC(*)C(=O)OCCCCCCCCCCCCCCCCCC,4166.838253,0.0
P040018,*CC(*)C(=O)OCCCCCCCCCCCCCCCCCCCCCC,4211.610446,0.0
P040092,*CC(*)(C)C(=O)OC(C(F)(F)F)(C(F)(F)F)C(F)(F)F,1890.742018,0.0
P040133,*CC(*)C(=O)NCCCCCCCCCCCCCCCC,4368.747877,0.0
P040134,*CC(*)C(=O)NCCCCCCCCCCCCCCCCCC,4374.553863,0.0
P040214,*CC(*)C(=O)Oc1c(Cl)c(Cl)c(Cl)c(Cl)c1Cl,1443.357871,0.0
P044594,*CC(*)C(=O)NCCCCCCCC/C=C/CCCCCCCC,3900.754736,0.0
P050030,*CCCCCCCCCCC(Cl)C(*)Cl,3379.481836,0.0
P060010,*/C=C/C(C*)CCC,4058.301482,0.0
P070069,*CCCCCCCCCCCCO*,3751.280396,0.0
P070096,*CCCCCCCCCCCCCCCCCCOCO*,3794.809245,0.0
P070099,*CCCCCCCCCCOCCCCCCOCCCCCCO*,4032.211482,0.0
P070100,*CCCCCCCCCCOCCCCCCCCCCOCCCCO*,4630.128124,0.0
P070174,*CCCCCCC(=O)NCCCCCCNC(=O)CCCCCCO*,3603.740311,0.0
P070176,*CCCCCCCCC(=O)NCCCCCCNC(=O)CCCCCCCCO*,3898.417826,0.0
P070188,*CCCCCCCCC(=O)NCCCCCOCCCCCNC(=O)CCCO*,3508.080394,0.0
P070189,*CCCCCCCCCCC(=O)NCCCCCOCCCCCNC(=O)CCCO*,4094.155725,0.0
P070193,*CCCCCCCCC(=O)NCCCCCOCCCCCNC(=O)CCCCO*,3869.509763,0.0
P070194,*CCCCCCCCCCC(=O)NCCCCCOCCCCCNC(=O)CCCCO*,3414.75244,0.0
P070196,*CCCCCNC(=O)CCCCCCOCCCCCCC(=O)NCCCCCO*,4436.767911,0.0
P070197,*CCCCCNC(=O)CCCCCCCCOCCCCCCCCC(=O)NCCCCCO*,4136.095859,0.0
P070335,*CCOCCOC(=O)CCCCCCCCCCCCCCCCC(=O)O*,3983.250493,0.0
P070528,*CCCCCCCCCCCCCCCCCCCCOC(=O)COCC(=O)O*,3772.012666,0.0
P080042,*CCCCCCCCCCSCCCCCCS*,3711.970098,0.0
P080043,*CCCCCCCCCCCSCCCCCCS*,3843.312873,0.0
P080112,*CCCCCCCCCCC(=O)NCc1ccc(CNC(=O)CCCCCCCCCCS*)cc1,4170.380579,0.0
P080117,*CCCCCCCCCCC(=O)NCCc1ccc(CCNC(=O)CCCCCCCCCCS*)cc1,4017.670718,0.0
P080147,*CCCCCCCCCCSSCCCCCCSS*,3033.914911,0.0
P080150,*CCCCCCCCCCCCCCCCCCCCOC(=O)CCCCSCCCCC(=O)O*,4469.402504,0.0
P090015,*CCCCCCCCCCOC(=O)CCCCCCC(=O)O*,3215.233989,0.0
P090018,*CCCCCCCCCOC(=O)CCCCCCCC(=O)O*,4232.891887,0.0
P090019,*CCCCCCCCCCOC(=O)CCCCCCCC(=O)O*,3982.890501,0.0
P090025,*CCCCCCCCCCOC(=O)CCCCCCCCC(=O)O*,3907.063724,0.0
P090092,*CCCCCCCCCCCCCCC(=O)O*,3585.950759,0.0
P090098,*CCCCCCCCCCCCCC(=O)O*,3955.455817,0.0
P090105,*CCCCCCCCCCOC(=O)CCCCCCCCCCCCCCCCC(=O)O*,4496.239519,0.0
P090106,*CCCCCCCCCCCCOC(=O)CCCCC(=O)O*,3873.307877,0.0
P090107,*CCCCCCCCCCCCOC(=O)CCCCCCC(=O)O*,3878.593065,0.0
P090108,*CCCCCCCCCCCCCCOC(=O)CCCCC(=O)O*,3926.018808,0.0
P090109,*CCCCCCCCCCCCCCOC(=O)CCCCCCC(=O)O*,3489.223117,0.0
P090111,*CCCCCCCCCCCCCCCCOC(=O)CCCCCCC(=O)O*,4153.53092,0.0
P090142,*CC(CCCCCCCCCCCCCCCC)C(CCCCCCCCCCCCCCCC)COC(=O)c1ccc(C(=O)O*)cc1,3806.798684,0.0
P090194,*CCCOC(=O)CCCCCCCCCCCCCCCCC(=O)O*,3735.202594,0.0
P090224,*CCCCCCCCCCOC(=O)CCCCCNC(=O)CCCCC(=O)NCCCCCC(=O)O*,3678.171049,0.0
P090243,*CCCCCCCCCCCCOC(=O)CCCCCNC(=O)CCCCC(=O)NCCCCCC(=O)O*,3816.509517,0.0
P090251,*CCCCCCCCCCCCCCCCCCCCOC(=O)CCCCC(=O)O*,4493.836311,0.0
P090252,*CCCCCCCCCCCCCCCCCCCCOC(=O)CCC(C)CC(=O)O*,4005.913429,0.0
P090253,*CCCCCCCCCCCCCCCCCCCCOC(=O)CCCCCCCC(=O)O*,4697.881854,0.0
P090256,*CCCCCCCCCCCCCCCCCCCCOC(=O)CCCC(=O)O*,4178.866302,0.0
P090259,*CCCCCCCCCCCCCCCCCCCCOC(=O)CC(=O)O*,3767.527523,0.0
P090260,*CCCCCCCCCCCCCCCCCCCCOC(=O)C(=O)O*,3588.464127,0.0
P090262,*CCCCCCCCCCCCCCCCCCCCOC(=O)CCCCCC(=O)O*,3900.167462,0.0
P090264,*CCCCCCCCCCCCCCCCCCCCOC(=O)CCCCCCC(=O)O*,3881.184513,0.0
P100018,*CCCCCCCCNC(=O)CCCCCCCCCCCCCCCCCCCCC(=O)N*,3911.247071,0.0
P100025,*CCCCCCCCCCCC(=O)N*,3966.650682,0.0
P100029,*CCCCCCCCCCCCCCNC(=O)CCCCCCCCCCCCCCCCC(=O)N*,4375.155439,0.0
P100041,*CCCCCCCCCCNC(=O)CCCCCCCCC(=O)N*,3821.912668,0.0
P100063,*CCc1ccc(CCNC(=O)CCCCCCCCCCCCCCCCC(=O)N*)cc1,3703.457499,0.0
P100105,*Cc1ccc(CNC(=O)CCCCCCCCCCCCCCCCC(=O)N*)cc1,3611.587058,0.0
P100124,*CCCCCCCCCCCCCCCCCCNC(=O)CCc1ccc(CCC(=O)N*)cc1,3600.466897,0.0
P100167,*CCCCCCCCCNC(=O)CCCCCCCC(=O)N*,4195.674043,0.0
P100177,*CCCCCCCCCCNC(=O)CC/C=C/CCC(=O)N*,3678.759018,0.0
P100185,*CCCCCCCCCCC(=O)NCCCCCC(=O)N*,3922.427508,0.0
P100209,*CCCCCNC(=O)CCCCCCCCCCCCC(=O)N*,3681.927504,0.0
P100212,*CCCCCCNC(=O)CCCCCCCCCCCCCCCCC(=O)N*,3464.467495,0.0
P100214,*CCCCCCCNC(=O)CCCCCCCCC(=O)N*,3726.309594,0.0
P100215,*CCCCCCCNC(=O)CCCCCCCCCC(=O)N*,3745.484968,0.0
P100216,*CCCCCCCCNC(=O)CCCCCCCC(=O)N*,4113.96196,0.0
P100218,*CCCCCCCCNC(=O)CCCCCCCCCCCCCCCCC(=O)N*,4204.159318,0.0
P100221,*CCCCCCCCCNC(=O)CCCCCCCCC(=O)N*,4093.450049,0.0
P100222,*CCCCCCCCCNC(=O)CCCCCCCCCC(=O)N*,3795.791377,0.0
P100224,*CCCCCCCCCCNC(=O)CCCCCCC(=O)N*,3658.744392,0.0
P100225,*CCCCCCCCCCNC(=O)CCCCCCCCCCCC(=O)N*,4087.278824,0.0
P100229,*CCCCCCCCCCNC(=O)CCCCCCCCCCCCCCCCCCCCC(=O)N*,4104.747189,0.0
P100230,*CCCCCCCCCCCNC(=O)CCCCC(=O)N*,3847.967138,0.0
P100231,*CCCCCCCCCCCNC(=O)CCCCCCCCC(=O)N*,3836.672566,0.0
P100232,*CCCCCCCCCCCCNC(=O)CCCCC(=O)N*,3642.58242,0.0
P100235,*CCCCCCCCCCCCNC(=O)CCCCCCCCCCCCCCCCCCCCC(=O)N*,4391.789819,0.0
P100236,*CCCCCCCCCCCCCCNC(=O)CCCCCCCCC(=O)N*,3893.724947,0.0
P100237,*CCCCCCCCCCCCCCNC(=O)CCCCCCCCCCC(=O)N*,4034.992213,0.0
P100238,*CCCCCCCCCCCCCCNC(=O)CCCCCCCCCCCCCCCCCCCCC(=O)N*,4159.044471,0.0
P100239,*CCCCCCCCCCCCCCCCCCNC(=O)CCCCCCCCC(=O)N*,4000.349697,0.0
P100240,*CCCCCCCCCCCCCCCCCCNC(=O)CCCCCCCCCCC(=O)N*,4366.182326,0.0
P100241,*CCCCCCCCCCCCCCCCCCNC(=O)CCCCCCCCCCCCCCCCCCCCC(=O)N*,4376.87136,0.0
P100381,*CCc1ccc(CCNC(=O)CCCCCCCCCCCCCCCCCCCCC(=O)N*)cc1,3942.991792,0.0
P100401,*CCCCCCN(C)C(=O)CCCCCCCCCCCCCCCCC(=O)N(*)C,3975.042061,0.0
P100521,*CCCCCCCCCCC(=O)NCCCCCCNC(=O)CCCCO*,3827.218853,0.0
P100522,*CCCCCCCCCCC(=O)NCCCCCCNC(=O)CCCO*,4074.580002,0.0
P100523,*CCCCCCCCC(=O)NCCCCCCNC(=O)CCCCO*,3802.780516,0.0
P100525,*CCCCCCCCC(=O)NCCCCCCNC(=O)CCCO*,3472.454722,0.0
P100696,*CCCCCCCCCCCCCCCCCCCCCC(=O)N*,3786.641698,0.0
P100702,*CCCCCCCCCCNC(=O)C(CCCCCCCCCCCC)C(=O)N*,4239.895361,0.0
P100703,*CCCCCCCCCCNC(=O)CCCCCCCCC(=O)NCCCCCCCCCCNC(=O)C(=O)N*,3448.092369,0.0
P100713,*CCCCCCNC(=O)CCCCCCCCCCCCCCCCCCCCC(=O)N*,4244.74344,0.0
P100719,*CCCCCCNC(=O)C(CCCCCCCCCCCCCCCCC)C(=O)N*,3439.329234,0.0
P100721,*CCCCCCNC(=O)C(CCCCCCCCCCCCCCCC)C(=O)N*,4297.044317,0.0
P100726,*CCCCCCNC(=O)C(CCCCCCCCCCCCCCC)C(=O)N*,4243.912584,0.0
P100730,*CCCCCCNC(=O)C(CCCCCCCCCCCCC)C(=O)N*,3713.209178,0.0
P100747,*CCCCCCCCCNC(=O)CCCCCCCCC(=O)NCCCCCCCCCNC(=O)C(=O)N*,3525.869152,0.0
P100754,*CCCCCNC(=O)CCCCCCCCCCCCCCCCC(=O)N*,4189.371896,0.0
P100758,*CCCCCNC(=O)CCCCCCCCCCCC(=O)N*,3533.849438,0.0
P100760,*CCc1ccc(CCNC(=O)CCCCCCCCCCCCCCCC(=O)N*)cc1,3914.089113,0.0
P100788,*CCCCCCCCCCCNC(=O)CCCCCCCCC(=O)NCCCCCCCCCCCNC(=O)C(=O)N*,4243.855339,0.0
P100808,*CCCCCCCNC(=O)C(CCCCCCCCCCCC)C(=O)N*,3907.993318,0.0
P110210,*CCCCCCCCCCCCCNC(=O)CCCCCCCCCCCC(=O)N*,3948.531066,0.0
P120023,*CCCCCCCCCCCCNC(=O)NCCCCCCNC(=O)N*,3786.880077,0.0
P120024,*CCCCCCCCCCCCCCNC(=O)NCCCCCCNC(=O)N*,3553.662049,0.0
P120036,*CCCCCCCCCCCCCCCCCCNC(=O)NCc1ccc(CNC(=O)N*)cc1,3517.393622,0.0
P150011,*Oc1ccc(C(C)(C)c2ccc(OC(*)=O)cc2)cc1,2883.632908,0.0
P160014,*CCN(*)C(=O)CCCCCCCCCCCCCCCCC,4157.452825,0.0
P312010,*CCCCCC(*)CCCCCCCCCC,4284.520163,0.0
P312012,*CCCCCC(*)CCCCCCCCCCCCCC,4474.426331,0.0
P332076,*/C=C(/*)CCCCCCCCCCCCCCCCCCCCC(=O)O,4174.04187,0.0
P332081,*/C=C(/*)C#CCCCCCCCCCCCCCCCCCCCCC(=O)O,4280.615886,0.0
P332293,*/C=C/CCCCCCC(Cl)CCCCCC*,3355.657868,0.0
P332294,*/C=C/CCCCCCCCCC(Cl)CCCCCCCCC*,3923.764038,0.0
P332303,*/C=C/CCCCCCCCCC(CCCCCCCCC*)COCCOCCOCCOCCOCCCCCC,4928.90901,0.0
P332304,*CCCCCCCCCCCCCCCCCCCCC(*)COCCOCCOCCOCCOCCCCCC,4672.35375,0.0
P332306,*CCCCCCCCCCCCCCCCCCCCC(*)COCCOCCOCCOCCOCCCCCCCCCCCCCC,4378.205555,0.0
P352010,*CCCCCCCCCCCCCCC(*)Cl,3969.389606,0.0
P352011,*CCCCCCCCCCCCCCCCCCCCC(*)Cl,3972.186357,0.0
P360004,*/C=C/CCCCCCCC*,4609.653496,0.0
P370263,*CCCCCCCCCCCCCCCCCCCCc1nnc(*)o1,3988.279328,0.0
P372825,*C(F)(F)C(F)(F)C1(F)C(*)(F)OC(F)(F)C1(F)F,1558.117405,0.0
P373742,*c1sc(*)c2c1OCC(CCCCCCCCCCCCCCCC)O2,3571.448824,0.0
P373742,*c1sc(*)c2c1OCC(CCCCCCCCCCCCCCCC)O2,3571.448824,0.0
P380064,*CCCCCCCCCCCCCCS*,3820.699682,0.0
P380068,*c1cc(CCCCCCCCCCCCCC)c(*)s1,3726.076654,0.0
P380123,*c1nc2cc3sc(-c4cc(OCCCCCCCCCCCC)c(*)cc4OCCCCCCCCCCCC)nc3cc2s1,3298.079845,0.0
P382002,*c1cc(CCCCCCCCCCCCC)c(*)s1,3599.96634,0.0
P382003,*c1cc(CCCCCCCCCCCCCCC)c(*)s1,3668.886924,0.0
P382013,*/C=C/c1sc(*)c(OCCCCCCCCCCCC)c1OCCCCCCCCCCCC,3906.449756,0.0
P382020,*c1cc(CCCCCCCCCCCCCCCCCCCCCC)c(*)s1,4125.799881,0.0
P382079,*c1ccc(-c2sc(-c3cc(CCCCCCCCCCCC)c(*)s3)cc2CCCCCCCCCCCC)cc1,3381.053061,0.0
P382158,*c1cc(CCCCCCCCCCCCCCCCCC)c(*)s1,3878.655945,0.0
P382279,*c1sc(*)c(OCCCCCCCCCCCC)c1C,3888.637893,0.0
P382280,*c1sc(*)c(OCCCCCCCCCCCCCC)c1C,3733.290668,0.0
P382282,*c1sc(*)c(OCCCCCCCCCCCCCCCCCCCC)c1C,3947.104722,0.0
P390114,*CCCCCCCCCCCCCCCCCCCCOC(=O)Cc1ccc(CC(=O)O*)cc1,3690.903489,0.0
P390120,*Cc1ccc(COC(=O)CCCCCCCCCCCCCCCCCCC(=O)O*)cc1,3615.922063,0.0
P390132,*CCCCCCCCCCCCCCCCOC(=O)CCCCCCCCC(=O)O*,4171.44982,0.0
P392397,*CCCCCCCCCCCCOC(=O)CCCCCCCCCCCCC(=O)O*,4117.55022,0.0
P392423,*CCCCOC(=O)CCCCCCCCCCCCCCCCCCCCCCCCCCCCCCCCCCC(=O)O*,4040.902134,0.0
P392524,*CCCCCCCCCCCCCCCCCCCCCCOC(=O)CCCCC(=O)O*,3857.782129,0.0
P400018,*CCCCCCCCCCCCCCC(=O)N*,4446.157576,0.0
P400027,*CCCCCCCCNC(=O)CCCCCCCCC(=O)NCCCCCCCCNC(=O)C(=O)N*,3706.589623,0.0
P400203,*C(=O)N(*)CCCCCCCCCCCCCCCCCC,4094.050925,0.0
P402128,*CCCCCCCCCCCCNC(=O)CCCCCCCCCCCCCCCCCCC(=O)N*,3675.739236,0.0
P402216,*CCCCNC(=O)CCCCCCCCCCCCCCC(=O)N*,3589.147027,0.0
P402217,*CCCCCCNC(=O)CCCCCCCCCCCCCCC(=O)N*,3916.107754,0.0
P402218,*CCCCCCCCNC(=O)CCCCCCCCCCCCCCC(=O)N*,3924.924664,0.0
P402219,*CCCCCCCCCCNC(=O)CCCCCCCCCCCCCCC(=O)N*,4121.705013,0.0
P402222,*CCCCCCCCCCCCNC(=O)CCCCCCCCCCCCC(=O)N*,3955.213811,0.0
P402250,*CCCCCCCCCCCNC(=O)CCCCCCCCCCCCCCCCCCC(=O)N*,4118.665358,0.0
P402252,*CCCCCCCNC(=O)CCCCCCCCCCCCCCCCCCC(=O)N*,3941.424241,0.0
P402253,*CCCCCNC(=O)CCCCCCCCCCCCCCCCCCC(=O)N*,3814.761802,0.0
P402254,*CCCNC(=O)CCCCCCCCCCCCCCCCCCC(=O)N*,3003.033886,0.0
P402317,*CCNC(=O)CCCCCCCCCCCCCCCCC(=O)N*,3717.400764,0.0
P433084,*CC(CCCCCCCCCCCCCCCC)C1C(=O)N(CCCCCCCCCCCC)C(=O)C1*,4626.000576,0.0
P460277,*Nc1ccc(*)cc1CCCCCCCCCCCCCCC,3814.274538,0.0
P460287,*CCN(*)C(=O)CCCCCCCCCCCCCCC,4483.046901,0.0
P462231,*c1cc(CCCCCCCCCCCCCCCC)c(*)[nH]1,4003.043801,0.0
P462356,*c1[nH]c(*)c(CC(=O)OCCCCCCCCCCCC)c1CC(=O)OCCCCCCCCCCCC,3801.014102,0.0
P462407,*Nc1ccc(*)cc1OCCCCCCCCCCCCCCCC,3719.665939,0.0
P462521,*CCCCCCCCCCCCCCCC[N+](C)(C)CCCCCC[N+](*)(C)C,4057.18827,0.0
P510041,*c1cc(CCCCCCCCCCCC)c(*)cc1CCCCCCCCCCCC,4218.272344,0.0
P512025,*/C=C/c1cc(OCCCCCCCCCCCCCCCC)c(/C=C/c2ccc(*)cc2)cc1OCCCCCCCCCCCCCCCC,3390.554449,0.0
P512101,*/C=C/c1cc(CCCCCCCCCCC)c(/C=C/c2ccc(*)cc2)cc1CCCCCCCCCCC,3849.710282,0.0
P040218,*CC(*)C(=O)NCCCC,3666.934009,0.0
P010043,*CC(*)CCCCCCCCCCCC,4549.295577,0.0
P100002,*CCCCNC(=O)CCCCC(=O)N*,3312.813669,0.0
P100201,*CCCCNC(=O)CCCCCCCCCC(=O)N*,3503.993451,0.0
P100194,*CCNC(=O)CCCCCCCCC(=O)N*,3753.049175,0.0
P100198,*CCCCNC(=O)CCCCCCC(=O)N*,3289.986374,0.0
P010071,*/C=C/CC*,4287.864929,0.0
P010102,*/C=C/CCCCC*,4809.589771,0.0
P020065,*CC(*)c1ccc(C(C)(C)O)cc1,3484.152817,0.0
P020090,*CC(*)c1ccc(C(=O)OC)cc1,2972.20859,0.0
P020152,*CC(*)(C)c1ccc(C(C)C)cc1,3353.574337,0.0
P030002,*CC(*)C=O,3272.249117,0.0
P030045,*CC(*)OC(C)C,3830.035135,0.0
P030074,*CC(*)C(=O)C1CCCCC1,3553.101125,0.0
P040059,*CC(*)(C)C(=O)OCCCCCCCC,3622.181384,0.0
P040103,*CC(*)(C)C(=O)OCCOCC,3128.537567,0.0
P040147,*CC(*)C(=O)OCC(CC)CCCC,3892.454767,0.0
P040161,*CC(*)C(=O)OC(C)CCCCC,3815.140825,0.0
P024305,*CC(*)c1ccc(CCC)cc1,3454.048744,0.0
P024371,*CC(*)c1ccc(COCCCCCCOc2ccc(-c3ccc(OC)cc3)cc2)cc1,3240.680505,0.0
P030025,*CC(*)OC(=O)CC,3410.872688,0.0
P030026,*CC(*)OC(=O)c1ccccc1,2839.632112,0.0
P030034,*CC(*)CCCN(CC(C)C)CC(C)C,4277.343207,0.0
P030112,*CC(*)OC(=O)c1ccc(OC(=O)CCC)cc1,2923.076027,0.0
P030124,*CC(*)OC(=O)C1(F)C(F)(F)C(F)(F)C(F)(F)C(F)(F)C1(F)F,1691.389575,0.0
P030168,*CC(*)c1cccs1,2604.370323,0.0
P030187,*C1Cc2ccccc2C1*,3126.690648,0.0
P030197,*CCC/C=C(/*)c1ccc(Cl)cc1,2788.957376,0.0
P034238,*CC(*)CNc1ccc([N+](=O)[O-])cn1,2731.289813,0.0
P040350,*CC(*)(C)C(=O)OCCCCCCOc1ccc(-c2ccc(OC)cc2)cc1,2959.175262,0.0
P044463,*CC(*)C(=O)NCCCCCC(=O)O,3184.753472,0.0
P044510,*CC(*)C(=O)OC(C)CCC(CC)CCCC,3702.719345,0.0
P049017,*C1C(=O)OC(=O)C1*,2159.711417,0.0
P050050,*CC(*)CC(C)C(F)(F)F,2753.244512,0.0
P054499,*CCC(Cl)C(*)Cl,1955.103177,0.0
P060035,*C1C=CC(*)C1,3377.684144,0.0
P070001,*CO*,3019.153782,0.0
P070003,*OC(*)C(Cl)(Cl)Cl,1138.259665,0.0
P070009,*OC(*)CCC#N,2973.585041,0.0
P070013,*CCO*,4328.036942,0.0
P070022,*CC(C)(C)O*,3709.399475,0.0
P070032,*CC(O*)c1ccccc1,3138.982343,0.0
P070213,*CCCC(=O)NCc1ccc(CNC(=O)CCCO*)cc1,3001.466149,0.0
P070385,*Oc1c(C)cc(*)cc1-c1ccccc1,2879.696374,0.0
P070417,*CC(O)COc1c(Cl)cc(C(C)(C)c2cc(Cl)c(O*)c(Cl)c2)cc1Cl,2111.392007,0.0
P070428,*OC1CCCCC1*,3569.078685,0.0
P070548,*CC(CCl)(CCl)O*,1734.527477,0.0
P070578,*Oc1cccc(NC(=O)CCCCCCCCCCC(=O)Nc2ccc(*)cc2)c1,3327.409495,0.0
P070590,*Oc1ccc(NC(=O)CCCCCCCCCC(=O)Nc2ccc(*)cc2)cc1,3054.695297,0.0
P070600,*c1ccc(-c2nc3ccc(Oc4ccc5nc(*)c(-c6ccccc6)c(-c6ccccc6)c5c4)cc3c(-c3ccccc3)c2-c2ccccc2)cc1,2810.020886,0.0
P070631,*ON(C(F)(F)F)C(F)(F)C(*)(F)F,1460.627147,0.0
P070691,*Oc1ccc(Oc2ccc(C(=O)c3ccccc3-c3ccccc3C(=O)c3ccc(*)cc3)cc2)cc1,2658.74312,0.0
P070725,*Oc1ccc(C(C)(C)c2ccc(Oc3ccc(C(=O)Nc4ccc(-c5ccc(NC(=O)c6ccc(*)cc6)cc5C(F)(F)F)c(C(F)(F)F)c4)cc3)cc2)cc1,2602.63672,0.0
P074244,*CCCCCCCCCCOc1ccc(OC(=O)c2ccc(OCCCCCCOc3ccc(C(=O)Oc4ccc(O*)cc4)cc3)cc2)cc1,3228.807124,0.0
P074419,*CCc1ccc(*)o1,2928.06191,0.0
P074535,*c1cccc(-c2nc3ccc(-c4ccc5oc(*)nc5c4)cc3o2)c1,2404.880421,0.0
P080001,*CS*,2303.552966,0.0
P080002,*SC(*)(F)F,1102.058024,0.0
P080004,*CCS*,2772.473535,0.0
P080178,*CCOC(=O)CCCCSCCCCC(=O)O*,3656.182514,0.0
P084366,*Sc1c(C)cc(*)cc1C,2522.829831,0.0
P084418,*CCc1ccc(*)s1,2519.198761,0.0
P089044,*c1ccc2c(c1)SC1=Nc3cc(-c4ccc5c(c4)N=C4Sc6cc(*)ccc6N=C4N5)ccc3NC1=N2,2314.670393,0.0
P090459,*CCCOC(=O)C1CCC(C(=O)O*)CC1,3095.901571,0.0
P090515,*CCC(C)CCC(=O)O*,3875.157534,0.0
P090570,*Oc1cc(CCC)cc(OC(=O)c2cccc(C(*)=O)c2)c1,2695.705352,0.0
P090637,*Oc1cccc(OC(=O)c2ccc(C(C)(C)c3ccc(C(*)=O)cc3)cc2)c1,2572.808048,0.0
P094250,*Oc1ccc(C(C)(C)c2ccc(OC(=O)CN(CC(*)=O)c3ccc(/N=N/c4ccc([N+](=O)[O-])cc4)cc3)cc2)cc1,2531.745371,0.0
P094397,*Oc1ccc(-c2ccc(-c3cc(-c4ccccc4)c(-c4ccc(-c5ccc(OC(=O)c6ccc(C(*)=O)cc6-c6ccccc6)cc5)cc4)c(-c4ccccc4)c3-c3ccccc3)cc2)cc1,2652.104123,0.0
P094584,*Oc1ccc(OC(=O)CCCCCCCCC(*)=O)cc1,3448.082342,0.0
P099018,*Cc1ccc2nc(-c3cc(-c4nc5ccc(*)cc5c(=O)o4)cc(N4C(=O)c5ccccc5C4=O)c3)oc(=O)c2c1,2315.007436,0.0
P110001,*CCCCCNC(=O)O*,3231.118402,0.0
P120004,*CCCCCCNC(=O)N*,3376.772596,0.0
P124411,*c1ccc(NC(=O)Nc2ccc(NC(=O)Nc3ccc(-c4nc(-c5ccc([N+](=O)[O-])cc5)[nH]c4*)cc3)cc2)cc1,2648.520131,0.0
P130001,*CCCC1CC(=O)N(*)C(=O)C1,2970.533512,0.0
P130134,*C(=O)c1ccc2c(c1)C(=O)N(c1ccc(Oc3ccc(C(=O)c4cccc(C(=O)c5ccc(Oc6ccc(N7C(=O)c8ccc(*)cc8C7=O)cc6)cc5)c4)cc3)cc1)C2=O,2462.787441,0.0
P130214,*c1ccc(Oc2cccc(Oc3ccc(N4C(=O)c5cccc(Oc6cccc(Oc7cccc8c7C(=O)N(*)C8=O)c6)c5C4=O)cc3)c2)cc1,2571.00027,0.0
P130327,*c1ccc(N2C(=O)c3ccc(C(=O)c4ccc5c(c4)C(=O)N(c4ccc(-c6nc7cc(-c8ccc9nc(-c%10ccccc%10)c(*)nc9c8)ccc7nc6-c6ccccc6)cc4)C5=O)cc3C2=O)cc1,2538.032207,0.0
P134255,*c1ccc2c(c1)C(=O)N(c1cc(OCCN(CC)c3ccc(/N=N/c4ccc([N+](=O)[O-])cc4)cc3)cc(N3C(=O)c4ccc(C(*)(C(F)(F)F)C(F)(F)F)cc4C3=O)c1)C2=O,2198.861826,0.0
P134352,*c1ccc(N2C(=O)c3ccc(-c4cccc5c4C(=O)N(*)C5=O)cc3C2=O)cc1,2407.096587,0.0
P134429,*C1C(=O)N(c2ccccc2C(=O)OC)C(=O)C1*,2566.503261,0.0
P140017,*OC(=O)CCCCCC(*)=O,3181.267964,0.0
P154565,*CC(C)(C)CS(=O)(=O)CC(C)(C)COC(=O)O*,2949.785039,0.0
P160001,*CCN*,4374.392586,0.0
P160079,*CCCN*,3880.085931,0.0
P160106,*c1nc(-c2ccccc2)nc(N(c2ccccc2)c2ncnc(N(*)c3ccccc3)n2)n1,2444.514944,0.0
P164345,*\N=C\c1ccc(C=Nc2c(cc(cc2-c2ccccc2)-c2ccc(cc2)-c2cc(-c3ccccc3)c(*)c(c2)-c2ccccc2)-c2ccccc2)cc1,2642.351975,0.0
P164494,*c1nc(C)nc(N(CCCCCCN(*)c2ccccc2)c2ccccc2)n1,3246.882726,0.0
P169043,*c1ccc(-c2nnc(-c3cccc(-c4nnc(*)n4-c4ccccc4)c3)n2-c2ccccc2)cc1,2556.003841,0.0
P010033,*CC1CCC(*)C1,3834.134551,0.0
P010081,*/C=C/CCCCCC*,5061.004292,0.0
P010089,*CC(*)CCCCCCCCCCC,4612.504282,0.0
P010090,*CC(*)CCCCCCCCC,3984.755716,0.0
P020151,*CC(*)(C)c1ccccc1,3287.254249,0.0
P020156,*CC(*)c1cccc2ccccc12,3078.092922,0.0
P020157,*CC(*)c1ccc(C(C)=O)cc1,3043.947757,0.0
P020195,*CC(*)c1ccc(O)cc1,3075.011527,0.0
P024516,*CC(CC(*)(C#N)C(=O)OC)c1ccccc1,2806.300037,0.0
P030007,*CC(*)C(=O)C(C)C,3582.777268,0.0
P030009,*CC(*)(C)C(C)=O,3355.42018,0.0
P030010,*CC(*)C#N,2765.004995,0.0
P030011,*CC(*)(C)C#N,3074.463942,0.0
P030015,*CC(*)n1c2ccccc2c2ccccc21,2957.595954,0.0
P030019,*CC(*)OCC,3859.564769,0.0
P030098,*CC(*)C(=O)c1ccc(C(C)(C)C)cc1,3263.625218,0.0
P030105,*CC(*)C(=O)c1ccc(C)cc1,3097.089202,0.0
P040003,*CC(*)C(=O)OCC,3230.928507,0.0
P040006,*CC(*)C(=O)OCCCC,3813.171678,0.0
P040011,*CC(*)C(=O)OCCCCCC,4038.235521,0.0
P040024,*CC(*)C(=O)OC(F)(C(F)(F)F)C(F)(F)F,1858.58407,0.0
P040048,*CC(*)(C)C(=O)OC,2904.150989,0.0
P040049,*CC(*)(C)C(=O)OCC,3276.273755,0.0
P040052,*CC(*)(C)C(=O)OCCCC,3593.081013,0.0
P040053,*CC(*)(C)C(=O)OC(C)CC,3483.630419,0.0
P040055,*CC(*)(C)C(=O)OC(C)(C)C,3572.341084,0.0
P040056,*CC(*)(C)C(=O)OCCCCCC,3798.594108,0.0
P040060,*CC(*)(C)C(=O)OCCCCCCCCCCCC,3935.927818,0.0
P040061,*CC(*)(C)C(=O)OCCCCCCCCCCCCCC,4268.004057,0.0
BPDANP,*N1C(=O)C2=C(C=C(C=C2)C2=CC=C3C(=O)N(C(=O)C3=C2)C2=C3C=CC=C(*)C3=CC=C2)C1=O,2434.127283,0.0
BPDAATC,CC1(C)CC(CC(C)(C*)C1)N1C(=O)C2=CC=C(C=C2C1=O)C1=CC2=C(C=C1)C(=O)N(*)C2=O,2833.777245,0.0
TPBO,FC(F)(F)C(C1=CC2=C(OC(=N2)C2=CC=C(OC3=CC=C(OC4=CC=C(*)C=C4)C4=C3C3C5=C(C=CC=C5)C4C4=C3C=CC=C4)C=C2)C=C1)(C1=CC=C2OC(*)=NC2=C1)C(F)(F)F,2426.516734,0.0
PPBO,FC(F)(F)C(C1=CC2=C(OC(=N2)C2=CC=C(OC3=C4C5C6=C(C=CC=C6)C(C6=C5C=CC=C6)C4=C(OC4=CC=C(*)C=C4)C4=C3C3C5=C(C=CC=C5)C4C4=C3C=CC=C4)C=C2)C=C1)(C1=CC=C2OC(*)=NC2=C1)C(F)(F)F,2410.983149,0.0
LTPBO,FC(F)(F)C(C1=CC2=C(OC(=N2)C2=CC=C(OC3=C4C5C6=C(C=CC=C6)C(C6=C5C=CC=C6)C4=C(OC4=CC=C(*)C=C4)C=C3)C=C2)C=C1)(C1=CC=C2OC(*)=NC2=C1)C(F)(F)F,2398.686796,0.0
LPPBO,FC(F)(F)C1=C(OC2=C3C4C5=C(C=CC=C5)C(C5=C4C=CC=C5)C3=C(OC3=C(C=C(C=C3)C3=NC4=C(O3)C=CC(=C4)C(C3=CC=C4OC(*)=NC4=C3)(C(F)(F)F)C(F)(F)F)C(F)(F)F)C3=C2C2C4=C(C=CC=C4)C3C3=C2C=CC=C3)C=CC(*)=C1,2353.749193,0.0
TPBI,*C1=NC2=CC(=CC=C2N1)C1=CC2=C(NC(O2)C2=CC=C(OC3=CC=C(OC4=CC=C(*)C=C4)C4=C3C3C5=C(C=CC=C5)C4C4=C3C=CC=C4)C=C2)C=C1,2709.240347,0.0
PPBI,*C1=NC2=CC(=CC=C2N1)C1=CC2=C(NC(O2)C2=CC=C(OC3=C4C5C6=C(C=CC=C6)C(C6=C5C=CC=C6)C4=C(OC4=CC=C(*)C=C4)C4=C3C3C5=C(C=CC=C5)C4C4=C3C=CC=C4)C=C2)C=C1,2674.014709,0.0
P040063,*CC(*)(C)C(=O)OCCCCCCCCCCCCCCCCCC,4241.623117,0.0
P040064,*CC(*)(C)C(=O)OC1CCCCC1,3483.879213,0.0
P040066,*CC(*)(C)C(=O)OC1CCCCC1C,3360.953433,0.0
P040067,*CC(*)(C)C(=O)OC1CCC(C)CC1,3447.405827,0.0
P040068,*CC(*)(C)C(=O)OC1CCCC(C)C1,3526.082051,0.0
P040069,*CC(*)(C)C(=O)OC1CC(C)CC(C)(C)C1,3436.768984,0.0
P040071,*CC(*)(C)C(=O)Oc1ccccc1,3008.433898,0.0
P040072,*CC(*)(C)C(=O)Oc1ccccc1C,2978.272055,0.0
P040073,*CC(*)(C)C(=O)OCc1ccccc1,2973.588981,0.0
P040074,*CC(*)(C)C(=O)OCCc1ccccc1,2933.572538,0.0
P040080,*CC(*)(C)C(=O)Oc1ccc2ccccc2c1,2860.085165,0.0
P040081,*CC(*)(C)C(=O)OCCF,2972.381545,0.0
P040082,*CC(*)(C)C(=O)OCCCl,2614.132546,0.0
P040083,*CC(*)(C)C(=O)OCCBr,2048.53472,0.0
P040087,*CC(*)(C)C(=O)OC(C)C(F)(F)F,2236.570718,0.0
P040088,*CC(*)(C)C(=O)OC(C(F)(F)F)C(F)(F)F,1868.249595,0.0
P040091,*CC(*)(C)C(=O)OC(F)(C(F)(F)F)C(F)(F)F,1815.178913,0.0
P040093,*CC(*)(C)C(=O)OC(F)(C(F)(F)F)C(F)(F)Cl,1777.92922,0.0
P040094,*CC(*)(C)C(=O)OCC(F)(F)C(F)(F)C(F)(F)C(F)(F)C(F)(F)C(F)(F)C(F)(F)F,1765.156873,0.0
P040097,*CC(*)(C)C(=O)Oc1c(Cl)c(Cl)c(Cl)c(Cl)c1Cl,1488.05568,0.0
P040099,*CC(*)(C)C(=O)OCc1ccccc1Cl,2663.801472,0.0
P040106,*CC(*)(C)C(=O)OCC1CCCO1,3133.367579,0.0
P040107,*CC(*)(C)C(=O)OCc1ccco1,2839.492105,0.0
P040112,*CC(*)(C)C(=O)OCCN(C)C,3478.93757,0.0
P040114,*CC(*)(C)C(=O)OCCN(CC)CC,3925.822289,0.0
P040115,*CC(*)(C)C(=O)OCc1cccc([N+](=O)[O-])c1,2606.036661,0.0
P040117,*CC(*)(Cl)C(=O)OCC,2514.664958,0.0
P040118,*CC(*)(Cl)C(=O)OC(C)CC,2599.820145,0.0
P014362,*/C=C/*,3312.29639,0.0
P014500,*CC1(*)CCCCC1,3950.330728,0.0
P020193,*CC(*)n1cc2ccccc2n1,2913.504502,0.0
P020194,*CC(c1ccccn1)C(c1ccccc1)C(*)c1ccccn1,2875.994446,0.0
P020198,*CC(*)c1ccc(OC(C)=O)cc1,2968.206487,0.0
P024504,*CC(*)c1ccc(COCC(CC)CCCC)cc1,3483.900672,0.0
P024505,*CC(*)c1ccc(COCCOCCCCCCCC)cc1,3848.979258,0.0
P024527,*CC(*)c1ccc(C(=O)O)c(C(=O)O)c1,2487.375032,0.0
P029029,*C([2H])([2H])C(*)([2H])c1c([2H])c([2H])c([2H])c([2H])c1[2H],3299.705029,0.0
P030001,*CC(*)O,3082.410512,0.0
P030003,*CC(*)OC(=O)CCCCCCCCCCC,4037.182564,0.0
P030006,*CC(*)C(C)=O,3295.675482,0.0
P030014,*CC(*)c1ccccn1,2826.270983,0.0
P030018,*CC(*)OC,3263.393996,0.0
P040123,*CC(*)(Cl)C(=O)OC1CCCCC1,2585.886189,0.0
P040128,*CC(*)C(=O)NC(C)C,3553.54033,0.0
P040130,*CC(*)C(=O)N(CCCC)CCCC,3861.320364,0.0
P040131,*CC(*)C(=O)NCCCCCCCCCCCC,3714.352588,0.0
P040141,*CC(*)C(=O)OC(CC)CC,3362.163608,0.0
P040143,*CC(*)(C)C(=O)Oc1cccc(C)c1,2982.187114,0.0
P040148,*CC(*)C(=O)OCCCCCCCCC,3975.295459,0.0
P040149,*CC(*)C(=O)OC1CCCCC1,3292.604388,0.0
P040150,*CC(*)C(=O)OC1CC(C)CC(C)(C)C1,3452.801201,0.0
P040152,*CC(*)(C)C(=O)OCCCCCCCCCC,3809.093099,0.0
P040155,*CC(*)(C)C(=O)OC1CC2CCC1(C)C2(C)C,3570.125201,0.0
P040156,*CC(*)(Cl)C(=O)OCCC,2400.329985,0.0
P040157,*CC(*)(Cl)C(=O)OCCCC,2823.843856,0.0
P040159,*CC(*)(C#N)C(=O)OC,2643.100769,0.0
P040160,*CC(*)C(=O)OCC(C)CC,3583.113153,0.0
P040162,*CC(*)C(=O)OC(C)CCCCCC,4147.724384,0.0
P040163,*CC(*)C(=O)OCC(CC)CC,3450.39393,0.0
P040164,*CC(*)C(=O)OCC(C)(C)C,3502.059788,0.0
P040165,*CC(*)C(=O)OC(C)CC(C)C,3525.008013,0.0
P040166,*CC(*)C(=O)OC(CCC(CC)CCCC)CC(C)C,3953.533929,0.0
P040168,*CC(*)C(=O)OCCC#N,2648.017067,0.0
P040177,*CC(*)C(=O)OCCSC,2876.463587,0.0
P040178,*CC(*)C(=O)OCCCSC,3100.362906,0.0
P040179,*CC(*)C(=O)OCCSCC,3068.093286,0.0
P040180,*CC(*)C(=O)OCCCCSC,3488.222202,0.0
P040181,*CC(*)C(=O)OCCCSCC,3081.73575,0.0
P040182,*CC(*)C(=O)OCCSCC#N,2933.627335,0.0
P040183,*CC(*)C(=O)OCCSCCC#N,2933.430925,0.0
P040184,*CC(*)C(=O)OCCSCCCC#N,3214.581224,0.0
P040185,*CC(*)C(=O)OCCCSCCC#N,3092.720642,0.0
P040186,*CC(*)C(=O)OCCCCCCSCC#N,3327.124438,0.0
P040187,*CC(*)C(=O)OC12CC3CC(C)(CC(C)(C3)C1)C2,3482.030368,0.0
P040188,*CC(*)C(=O)N1CCCCC1,3582.737432,0.0
P040189,*CC(*)C(=O)N1CCOCC1,2954.801292,0.0
P040191,*CC(*)C(=O)Oc1ccccc1,2705.010543,0.0
P040192,*CC(*)C(=O)Oc1ccccc1C,2947.485806,0.0
P040193,*CC(*)C(=O)Oc1cccc(C)c1,2927.5459,0.0
P040194,*CC(*)C(=O)Oc1ccc(C)cc1,2979.452465,0.0
P040195,*CC(*)C(=O)Oc1ccccc1C(C)(C)C,3158.532687,0.0
P040196,*CC(*)C(=O)Oc1ccc(C(C)(C)C)cc1,3314.8862,0.0
P040197,*CC(*)C(=O)Oc1ccc(OC)cc1,2861.637886,0.0
P010001,*CCC*,4086.850831,0.0
P512103,*/C=C/c1ccc(*)c(-c2cc(OCC(CC)CCCC)c(OCC(CC)CCCC)cc2-c2ccccc2)c1,3541.783977,0.0
P512104,*/C=C/c1ccc(*)c(-c2cc(-c3ccccc3)c(OCC(CC)CCCC)cc2OCC(CC)CCCC)c1,3449.760755,0.0
P512105,*/C=C/c1ccc(*)c(-c2cc(OCC(CC)CCCC)c(-c3ccccc3)cc2OCC(CC)CCCC)c1,3376.781789,0.0
P512117,*c1ccc(-c2cc(-c3ccc(OCCCCCC)cc3)cc(-c3ccc(-c4ccc5c(c4)C(CCCCCC)(CCCCCC)c4cc(*)ccc4-5)cc3)c2-c2ccc(OCCCCCC)cc2)cc1,3346.476757,0.0
P512120,*/C=C/c1ccc(*)c(-c2ccc(OCC(CC)CCCC)c3ccccc23)c1,2933.385399,0.0
P512121,*/C=C/c1ccc(*)c(-c2c(OCC(CC)CCCC)ccc3ccccc23)c1,3334.320726,0.0
P512122,*/C=C/c1ccc(*)c(-c2c(OCC(CC)CCCC)ccc3cc(-c4ccccc4)ccc23)c1,3327.254268,0.0
P512127,*/C=C/c1ccc(*)c(OCc2cc(OCCC(C)CCCC(C)C)cc(OCC(CC)CCCC)c2)c1,3547.266341,0.0
P512129,*c1ccc(-c2ccc3c(c2)C(CCCCCCBr)(CCCCCCBr)c2cc(*)ccc2-3)cc1,2363.101304,0.0
P512130,*c1ccc(-c2ccc3c(c2)C(CCCCCCC#N)(CCCCCCC#N)c2cc(*)ccc2-3)cc1,3037.297145,0.0
P512132,*/C=C/c1ccc(*)c(-c2cc(OCCC(C)C)c(OCCC(C)C)cc2-c2ccc(OC)cc2)c1,3067.746007,0.0
P512133,*/C=C/c1ccc(*)c(-c2cc(OCCC(C)C)c(OCCC(C)C)cc2-c2ccc(C(F)(F)F)cc2)c1,2942.838403,0.0
P512134,*/C=C/c1ccc(*)c(-c2cc(OCCC(C)C)c(OCCC(C)C)cc2-c2ccc(F)cc2)c1,2855.557507,0.0
P512135,*/C=C/c1ccc(*)c(-c2cc(OCCC(C)C)c(OCCC(C)C)cc2-c2ccccc2)c1,3213.215976,0.0
P512136,*c1ccc(-c2ccc(C3(*)CCCCC3)cc2)cc1,3236.307638,0.0
P512137,*c1ccc(-c2ccc(C(*)(C)C)cc2)cc1,3202.634686,0.0
P512138,*c1ccc(-c2ccc(C3(*)c4ccccc4-c4ccccc43)cc2)cc1,2899.184671,0.0
P512139,*c1cc(*)c(O)c(/C=N/c2ccc(Cl)cc2)c1,2430.627129,0.0
P512140,*/C=C/c1cc(OCC2CC3CC2C2CCCC32)c(*)cc1OC,3385.142607,0.0
P512141,*/C=C/c1cc(OCC2CC3CC2C2CCCC32)c(*)cc1OCC1CC2CC1C1CCCC21,3183.757367,0.0
P512142,*c1cc(/C=N/c2ccc(C)cc2)c(*)c(OC)c1,2793.437584,0.0
P512143,*c1cc(O)c(O)cc1*,2624.38948,0.0
P512144,*c1cc(*)c(O)c(/C=N/c2ccc(N3CCOCC3)cc2)c1,3010.065385,0.0
P512145,*c1ccc(-c2ccc3c(c2)C(CCCCCC)(CCCCCC)c2cc(*)ccc2-3)cc1,3627.626401,0.0
P512146,*c1ccc2c(c1)C(CCCCCC)(CCCCCC)c1cc(-c3cc(CCCCCC)c(*)cc3CCCCCC)ccc1-2,3576.25849,0.0
P512147,*c1ccc2c(c1)C(CCCCCC)(CCCCCC)c1cc(-c3cc(CCCCCCCC)c(*)cc3CCCCCCCC)ccc1-2,3604.209739,0.0
P512148,*c1ccc2c(c1)C(CCCCCC)(CCCCCC)c1cc(-c3cc(CCCCCCCCCC)c(*)cc3CCCCCCCCCC)ccc1-2,3540.831697,0.0
P512149,*/C=C/c1cc(OCCCCCCCC)c(*)cc1OC,3590.362581,0.0
P512150,*/C=C/c1cc(OCCCCCCCCCCCC)c(*)cc1OC,3692.419297,0.0
P512151,*c1cc(/C=N/c2cccc(C)c2)cc(*)c1O,2768.073476,0.0
P512152,*/C=C/c1cc(OCCCCCC)c(*)cc1OC,3362.579473,0.0
P512154,*c1cc(OCCCCCCCCCCCC)c(*)cc1O,3523.937022,0.0
P512157,*c1ccc2c(c1)C(CCCCCC)(CCCCCC)c1cc(-c3cc(OCCCCCCCC)c(*)cc3OCCCCCCCC)ccc1-2,3306.320628,0.0
P512158,*c1ccc2c(c1)C(CCCCCC)(CCCCCC)c1cc(-c3cc(OCc4ccccc4)c(*)cc3OCc3ccccc3)ccc1-2,3062.166562,0.0
P512159,*/C=C/c1cc(OCC(CC)CCCC)c(*)cc1-c1ccc(N(c2ccc(OC)cc2)c2ccc(OC)cc2)cc1,3253.553115,0.0
P512163,*/C=C/c1cc(-c2ccc3c(c2)C(CCCCCCCC)(CCCCCCCC)c2ccccc2-3)c(*)cc1-c1ccc(F)cc1F,3320.537303,0.0
P512165,*/C=C/c1cc(OCC(CC)CCCC)c(*)cc1-c1ccc(F)c(C(F)(F)F)c1,2757.887317,0.0
P512177,*c1ccc(-c2ccc(-c3ccc(C(*)(CC)C(F)(F)F)cc3)cc2)cc1,2534.733513,0.0
P512179,*c1ccc(-c2ccc(C(*)(c3ccccc3)C(F)(F)F)cc2)cc1,2599.215486,0.0
P512180,*c1ccc(-c2ccc(-c3ccc(C(*)(c4ccccc4)C(F)(F)F)cc3)cc2)cc1,2605.599059,0.0
P512181,*c1ccc(-c2ccc(C(*)(c3ccc(F)cc3)C(F)(F)F)cc2)cc1,2306.641693,0.0
P512182,*c1ccc(-c2ccc(-c3ccc(C(*)(c4ccc(F)cc4)C(F)(F)F)cc3)cc2)cc1,2517.579734,0.0
P512183,*c1ccc(-c2ccc(-c3ccc(C(*)(c4c(F)c(F)c(F)c(F)c4F)C(F)(F)F)cc3)cc2)cc1,2038.348476,0.0
P512186,*c1ccc(-c2ccc(-c3ccc(C(*)(c4ccc(N(C)C)cc4)C(F)(F)F)cc3)cc2)cc1,2805.92661,0.0
P512188,*c1ccc(-c2ccc(-c3ccc(C(*)c4c(F)c(F)c(F)c(F)c4F)cc3)cc2)cc1,2429.052532,0.0
P512194,*/C=C/c1cc(OCCc2ccccc2)c(*)cc1OC,2867.127104,0.0
P512247,*c1ccc(-c2ccc(C(*)(C)C(F)(F)F)cc2)cc1,2529.909852,0.0
P520004,*c1ccc2cc(*)ccc2c1,2754.845518,0.0
P520005,*c1ccc2ccc(*)cc2c1,2818.426164,0.0
P520006,*c1ccc(*)c2ccccc12,2829.957815,0.0
P520007,*c1cccc2c(*)cccc12,2712.531464,0.0
P520010,*CCc1c2ccccc2c(*)c2ccccc12,3005.671286,0.0
P520021,*c1cc2cccccc-2c1*,2649.209965,0.0
P520029,*CC(*)(F)C#N,2237.207446,0.0
P520034,*/C=C/c1ccc(*)c2ccc(CCCCCC)cc12,3523.742278,0.0
P520035,*/C=C/c1ccc(*)c2ccc(CCCCCCCCCCC)cc12,3266.361774,0.0
P522003,*c1c(-c2ccccc2)c(-c2ccccc2)c(*)c2cc(C(c3ccc(C#Cc4ccccc4)c(C#Cc4ccccc4)c3)(C(F)(F)F)C(F)(F)F)ccc12,2555.094016,0.0
P522004,*c1c(-c2ccccc2)c(-c2ccccc2)c(*)c2cc(Oc3ccc(C#Cc4ccccc4)c(C#Cc4ccccc4)c3)ccc12,2785.002797,0.0
P522005,*c1c(-c2ccccc2)c(-c2ccccc2)c(*)c2cc(-c3ccc(C#Cc4ccccc4)c(C#Cc4ccccc4)c3)ccc12,2808.862208,0.0
P522006,*c1c(-c2ccccc2)c(-c2ccccc2)c(*)c2cc(C3(c4ccc(C#Cc5ccccc5)c(C#Cc5ccccc5)c4)c4ccccc4-c4ccccc43)ccc12,2769.57139,0.0
P522008,*CC(*)(F)C(=O)OCC(F)(F)C(F)(F)C(F)(F)F,1819.142365,0.0
P522009,*CC(*)(F)C(=O)OCC(F)(F)C(F)(F)C(F)(F)C(F)(F)F,1898.226048,0.0
P522010,*CC(*)(F)C(=O)OCC(F)(F)C(F)(F)C(F)(F)C(F)(F)C(F)(F)C(F)(F)C(F)(F)F,1639.267883,0.0
P522011,*CC(*)(F)C(=O)OCC(F)(F)C(F)(F)C(F)(F)C(F)(F)C(F)(F)C(F)(F)C(F)(F)C(F)(F)F,1672.273075,0.0
P522012,*CC(*)(F)C(=O)OCC(F)(F)C(F)(F)C(F)(F)C(F)(F)C(F)(F)C(F)(F)C(F)(F)C(F)(F)C(F)(F)F,1635.908335,0.0
P522013,*CC(*)(F)C(=O)OCC(F)(F)C(F)(F)C(F)(F)C(F)(F)C(F)(F)C(F)(F)C(F)(F)C(F)(F)C(F)(F)C(F)(F)C(F)(F)F,1632.641553,0.0
P522014,*CC(*)(F)C(=O)OCC(F)(F)C(F)(F)C(F)(F)C(F)(F)C(F)(F)C(F)F,1777.865897,0.0
P522015,*CC(*)(F)C(=O)OCC(F)(F)C(F)(F)C(F)(F)C(F)(F)C(F)(F)C(F)(F)C(F)(F)C(F)F,1775.526339,0.0
P522016,*CC(*)(F)C(=O)OCCC(F)(F)C(F)(F)C(F)(F)C(F)(F)F,1896.997498,0.0
P522018,*CC(*)(F)C(=O)OCCC(F)(F)C(F)(F)C(F)(F)C(F)(F)C(F)(F)C(F)(F)C(F)(F)C(F)(F)C(F)(F)C(F)(F)F,1681.291695,0.0
P522048,*CC(F)(F)C1(F)CC(C(O)(C(F)(F)F)C(F)(F)F)CC1*,2148.760193,0.0
P522051,*c1c(*)c2ccccc2c2ccccc12,2781.085431,0.0
P522052,*c1ccc2ccc3c(*)cc(C#C)c4ccc1c2c34,2620.895425,0.0
P522053,*c1ccc2ccc3c(*)cc(C#CC=C)c4ccc1c2c34,2687.76659,0.0
P010068,*/C=C/CCC*,4208.42079,0.0
P010072,*/C=C/CC*,4079.596786,0.0
P010100,*C1CCC1*,3727.044816,0.0
P010101,*/C=C/*,3277.340389,0.0
P020122,*CC(*)c1ccc(C)cc1C,3472.666124,0.0
P020123,*CC(*)c1ccc(C(C)C)cc1C(C)C,3697.643763,0.0
P020124,*CC(*)c1ccc(F)cc1C,3003.323858,0.0
P020125,*CC(*)c1ccc(Cl)cc1C,2712.510055,0.0
P020126,*CC(*)c1ccc(Cl)cc1Cl,2057.826945,0.0
P020130,*CC(*)c1cc(C)ccc1C,3460.019364,0.0
P020131,*CC(*)c1cc(C(C)(C)C)ccc1C,3722.85016,0.0
P020132,*CC(*)c1cc(C(C)C)ccc1C(C)C,3691.943835,0.0
P020133,*CC(*)c1cc(Cl)ccc1Cl,1977.51632,0.0
P020134,*CC(*)c1cc(F)ccc1F,2550.99986,0.0
P020135,*CC(*)c1cc(C)ccc1F,2838.197519,0.0
P020136,*CC(*)c1cc(Br)ccc1OCCCC,2603.35329,0.0
P040204,*CC(*)C(=O)Oc1ccc(C(=O)OCCCC)cc1,3055.480548,0.0
P040205,*CC(*)C(=O)Oc1ccc(-c2ccccc2)cc1,2864.924346,0.0
P040206,*CC(*)C(=O)OCc1ccccc1,2907.183712,0.0
P040207,*CC(*)C(=O)OCCc1ccccc1,3140.97587,0.0
P040208,*CC(*)C(=O)Oc1cccc(N(C)C)c1,2940.705483,0.0
P040209,*CC(*)C(=O)N(C)c1ccccc1,2991.25287,0.0
P040210,*CC(*)C(=O)Oc1ccc(C#N)cc1,2639.373666,0.0
P040211,*CC(*)C(=O)OCc1ccc(C#N)cc1,2740.744881,0.0
P040212,*CC(*)C(=O)Oc1ccccc1Cl,2308.52334,0.0
P040213,*CC(*)C(=O)Oc1ccc(Cl)cc1Cl,1968.747406,0.0
P040215,*CC(*)C(=O)Oc1cccc2ccccc12,2738.560643,0.0
P040217,*CC(*)C(=O)N(C)C,3115.963635,0.0
P040219,*CC(*)C(=O)NC(C)CC,3563.526528,0.0
P040220,*CC(*)C(=O)NC(C)(C)C,3484.031378,0.0
P040223,*CC(*)C(=O)N(C(C)C)C(C)C,3519.063431,0.0
P040228,*CC(*)(C)C(=O)OCCCCC,3439.932489,0.0
P040229,*CC(*)(C)C(=O)OCC(CC)CCCC,3921.106346,0.0
P040230,*CC(*)(C)C(=O)OCCC(C)(C)C,3493.958464,0.0
P040231,*CC(*)(C)C(=O)OC(C)C(C)(C)C,3580.854272,0.0
P040233,*CC(*)(C)C(=O)OCCOC,3342.032179,0.0
P040237,*CC(*)(C)C(=O)OCCNC(C)(C)C,3406.56493,0.0
P040239,*CC(*)(C)C(=O)OCCC#N,2766.333321,0.0
P040240,*CC(*)(C)C(=O)OCC[N+](=O)[O-],2731.472436,0.0
P040245,*CC(*)(C)C(=O)OC(F)(F)C(F)(F)C(F)(F)C(F)(F)C(F)(F)C(F)(F)C(F)(F)C(F)(F)F,1676.63551,0.0
P040247,*CC(*)(C)C(=O)OCCS(=O)CC,2931.009437,0.0
P040250,*CC(*)(C)C(=O)OCC1(C)COCOC1,3146.172893,0.0
P040251,*CC(*)(C)C(=O)OCC1(C)COC(C)(C)OC1,3229.305381,0.0
P040252,*CC(*)(C)C(=O)OCC(C)(C)C1OCC(C)(C)CO1,3223.093115,0.0
P040253,*CC(*)(C)C(=O)OC12CC3CC(CC(C3)C1)C2,3181.569859,0.0
P040254,*CC(*)(C)C(=O)OC12CC3CC(C)(CC(C)(C3)C1)C2,3491.575084,0.0
P040255,*CC(*)(C)C(=O)Oc1ccc(CC#N)cc1,2662.535012,0.0
P040261,*CC(*)(CC)C(=O)OCC,3291.891536,0.0
P040262,*CC(*)(CC(=O)OCC)C(=O)OCC,3184.624772,0.0
P040263,*CC(*)(CC(=O)OCCCC)C(=O)OCCCC,3495.020607,0.0
P040264,*CC(*)(C#N)C(=O)OCCCC,3072.157866,0.0
P040266,*CC(*)(CF)C(=O)OC,2681.674688,0.0
P040267,*CC(*)(CF)C(=O)OCC,2803.030226,0.0
P040268,*CC(*)(Cl)C(=O)OC(C)C,2455.488724,0.0
P040269,*CC(*)(CC(=O)OC1CCCCC1)C(=O)OC1CCCCC1,3311.62903,0.0
P040273,*CC(*)(CC(=O)Oc1ccccc1)C(=O)Oc1ccccc1,2713.029194,0.0
P040274,*CC(*)(CC(=O)OCc1ccccc1)C(=O)OCc1ccccc1,2816.650424,0.0
P040275,*CC(*)(CC(=O)OCCc1ccccc1)C(=O)OCCc1ccccc1,3030.634799,0.0
P040276,*CC(*)(CC(=O)OCCCc1ccccc1)C(=O)OCCCc1ccccc1,3073.104198,0.0
P040278,*CC(*)C(=O)Oc1ccc(Cl)cc1,2320.615135,0.0
P040279,*CC(*)(C)C(=O)Oc1ccc(C#N)cc1,2754.441297,0.0
P040280,*CC(*)C(=O)OCCC(C)C,3543.200722,0.0
P040281,*CC(*)C(=O)OCC(C)CCC,3401.362366,0.0
P040288,*CC(*)C(=O)OCCC(C)OC,3394.632563,0.0
P040289,*CC(*)(C)C(=O)OC1CCC(C(C)(C)C)CC1,3654.029997,0.0
P040291,*CC(*)(C)C(=O)OCC(C)(C)C,3339.910901,0.0
P040292,*CC(*)(C)C(=O)Oc1ccc(C(C)(C)C)cc1,3317.29171,0.0
P040300,*CC(*)(C)C(N)=O,3095.73956,0.0
P040305,*CC(*)(C)C(=O)Oc1ccc(C)cc1,2860.148852,0.0
P040307,*C1C(=O)N(C2CCCCC2)C(=O)C1*,2610.998903,0.0
P040308,*CC(*)(CC(=O)OCCCCC)C(=O)OCCCCC,3561.142527,0.0
P040310,*CC(*)(CC(=O)OCCCCCC)C(=O)OCCCCCC,3719.028057,0.0
P432283,*c1ccc2c(c1)C(=O)N(c1ccc(Oc3ccc(C(c4ccc(Oc5ccc(N6C(=O)c7ccc(C(*)(C(F)(F)F)C(F)(F)F)cc7C6=O)cc5C(F)(F)F)cc4)(C(F)(F)F)C(F)(F)F)cc3)c(C(F)(F)F)c1)C2=O,2099.312528,0.0
P130364,*c1ccc2c(c1)C(=O)N(c1ccc(C(c3ccc(N4C(=O)c5ccc(C(*)(C(F)(F)F)C(F)(F)F)cc5C4=O)cc3)(C(F)(F)F)C(F)(F)F)cc1)C2=O,2119.87989,0.0
P430299,*c1ccc2c(c1)C(=O)N(c1cccc(C(c3cccc(N4C(=O)c5ccc(C(*)(C(F)(F)F)C(F)(F)F)cc5C4=O)c3)(C(F)(F)F)C(F)(F)F)c1)C2=O,2107.310106,0.0
P432278,*c1ccc(Oc2ccc(C(c3ccc(Oc4ccc(-n5c(=O)c6cc7c(=O)n(*)c(=O)c7cc6c5=O)cc4C(F)(F)F)cc3)(C(F)(F)F)C(F)(F)F)cc2)c(C(F)(F)F)c1,2137.271873,0.0
P130119,*c1ccc2c(c1)C(=O)N(c1ccc(Oc3ccc(N4C(=O)c5ccc(C(*)(C(F)(F)F)C(F)(F)F)cc5C4=O)cc3)cc1)C2=O,2226.385357,0.0
P150029,*Oc1c(Br)cc(cc1Br)C(c1cc(Br)c(c(c1)Br)OC(=O)*)(C)C,1318.304722,0.0
P150028,*Oc1c(Cl)cc(cc1Cl)C(c1cc(Cl)c(c(c1)Cl)OC(=O)*)(C)C,1909.744942,0.0
P450039,*Oc1c(C)cc(C(c2cc(C)c(OC(*)=O)c(C)c2)(C(F)(F)F)C(F)(F)F)cc1C,2314.30933,0.0
P370769,*Oc1ccc(S(=O)(=O)c2ccc(Oc3c(C)cc(C(c4cc(C)c(*)c(C)c4)(C(F)(F)F)C(F)(F)F)cc3C)cc2)cc1,2279.341238,0.0
P130002,*c1ccc(Oc2ccc(-n3c(=O)c4cc5c(=O)n(*)c(=O)c5cc4c3=O)cc2)cc1,2267.827718,0.0
P070482,*Oc1ccc(Oc2ccc(Oc3ccc(S(=O)(=O)c4ccc(*)cc4)cc3)cc2)cc1,2549.924892,0.0
P080097,*Sc1ccc(*)cc1,2380.08755,0.0
P130053,*c1ccc(Cc2ccc(-n3c(=O)c4cc5c(=O)n(*)c(=O)c5cc4c3=O)cc2)cc1,2486.492795,0.0
P070480,*Oc1ccc(S(=O)(=O)c2ccc(Oc3ccc(-c4ccc(*)cc4)cc3)cc2)cc1,2486.922342,0.0
P070356,*Oc1ccc(S(=O)(=O)c2ccc(Oc3ccc(Cc4ccc(*)cc4)cc3)cc2)cc1,2625.046085,0.0
P074409,*Oc1ccc(S(=O)(=O)c2ccc(Oc3ccc(C4(c5ccc(*)cc5)c5ccccc5-c5ccccc54)cc3)cc2)cc1,2626.058086,0.0
P130228,*c1ccc(C(C)(C)c2ccc(-n3c(=O)c4cc5c(=O)n(*)c(=O)c5cc4c3=O)cc2)cc1,2564.990072,0.0
P150043,*Oc1ccc(C2(c3ccc(OC(*)=O)cc3)c3ccccc3-c3ccccc32)cc1,2688.034007,0.0
P070475,*Oc1ccc(S(=O)(=O)c2ccc(Oc3ccc(C(C)(c4ccccc4)c4ccc(*)cc4)cc3)cc2)cc1,2673.116395,0.0
P070317,*Oc1ccc(S(=O)(=O)c2ccc(Oc3ccc(C(C)(C)c4ccc(*)cc4)cc3)cc2)cc1,2676.767456,0.0
P432102,*c1cccc(N2C(=O)c3ccc(Oc4ccc5c(c4)C4(CC(C)(C)c6ccc(Oc7ccc8c(c7)C(=O)N(*)C8=O)cc64)CC5(C)C)cc3C2=O)c1,2713.579795,0.0
P150142,*Oc1ccc(C2(c3ccc(OC(*)=O)cc3)CC3CCC2C3)cc1,2926.50914,0.0
P150030,*Oc1ccc(C(C)(c2ccccc2)c2ccc(OC(*)=O)cc2)cc1,2735.424553,0.0
P090039,*Oc1ccc(C(C)(C)c2ccc(OC(=O)c3ccc(C(*)=O)cc3)cc2)cc1,2811.609604,0.0
P090041,*Oc1ccc(C(C)(C)c2ccc(OC(=O)c3cccc(C(*)=O)c3)cc2)cc1,2791.636694,0.0
P020061,*CC(*)c1ccc(Cl)cc1,2523.331637,0.0
P370441,*Oc1ccc(S(=O)(=O)c2ccc(Oc3ccc(C(C)(C)c4ccc(*)c(C)c4)cc3C)cc2)cc1,2754.702951,0.0
P150037,*Oc1ccc(C2(c3ccc(OC(*)=O)cc3)CCCCC2)cc1,2911.043574,0.0
P020108,*CC(*)c1ccc(F)cc1,2769.173268,0.0
P370767,*Oc1ccc(S(=O)(=O)c2ccc(Oc3ccc(C4(c5ccc(*)c(C)c5)CCCCC4)cc3C)cc2)cc1,2815.146293,0.0
P370768,*Oc1ccc(S(=O)(=O)c2ccc(Oc3c(C)cc(Cc4cc(C)c(*)c(C)c4)cc3C)cc2)cc1,2773.034706,0.0
P070080,*Oc1c(-c2ccccc2)cc(*)cc1-c1ccccc1,2835.808005,0.0
P392045,*Oc1ccc2c(c1)C1(CC2(C)C)CC(C)(C)c2ccc(OC(=O)c3ccc(C(*)=O)cc3)cc21,2901.871724,0.0
P392046,*Oc1ccc2c(c1)C1(CC2(C)C)CC(C)(C)c2ccc(OC(=O)c3cccc(C(*)=O)c3)cc21,2953.392533,0.0
P070473,*Oc1ccc(S(=O)(=O)c2ccc(Oc3c(C)cc(C(C)(C)c4cc(C)c(*)c(C)c4)cc3C)cc2)cc1,2820.816238,0.0
P450038,*Oc1ccc(C2(c3ccc(OC(*)=O)cc3)CC(C)CC(C)(C)C2)cc1,3024.065712,0.0
P450042,*Oc1ccc2c(c1)C1(CC2(C)C)CC(C)(C)c2ccc(OC(*)=O)cc21,3029.235825,0.0
P070076,*Oc1c(C)cc(*)cc1C,3018.597993,0.0
P150062,*Oc1c(C)cc(C(C)(C)c2cc(C)c(OC(*)=O)c(C)c2)cc1C,3093.076179,0.0
P040314,*CC(*)(CC(=O)OCCC)C(=O)OCCC,1699.111437,0.0
P040315,*CC(*)(CC(=O)Oc1ccccc1C)C(=O)Oc1ccccc1C,2803.137296,0.0
P040316,*CC(*)(CC(=O)Oc1cccc(C)c1)C(=O)Oc1cccc(C)c1,2639.647149,0.0
LP21,CC1=CC2=C(CN3CN2CC2=C3C=C(C)C(N3C(=O)C4=CC=C(C=C4C3=O)C(C3=CC4=C(C=C3)C(=O)N(*)C4=O)(C(F)(F)F)C(F)(F)F)=C2C)C(C)=C1*,2458.883364,0.0
LP22,CC1=CC2=C(CN3CN2CC2=C3C=C(C)C(N3C(=O)C4=CC5=C(C=C4C3=O)C(=O)N(*)C5=O)=C2C)C(C)=C1*,2465.85642,0.0
LP23,CC1=CC2=C(CN3CN2CC2=C3C=C(C)C(N3C(=O)C4=CC5=C(C=C4C3=O)C3(C4=CC6=C(C=C4C4=C3C=CC=C4)C(=O)N(*)C6=O)C3=C5C=CC=C3)=C2C)C(C)=C1*,2675.396832,0.0
LP24,CC1=CC2=C(CN3CN2CC2=C3C=C(C)C(N3C(=O)C4=CC5=C(C=C4C3=O)C3(CC(C)(C)C4=CC6=C(C=C34)C(=O)N(*)C6=O)CC5(C)C)=C2C)C(C)=C1*,2893.051311,0.0
LP25,CC1=CC2=C(C=C1N1C(=O)C3=C(C=C(C=C3)C(C3=CC=C4C(=O)N(*)C(=O)C4=C3)(C(F)(F)F)C(F)(F)F)C1=O)C1C2C2CC1C1C2C2=CC(*)=C(C)C=C12,2427.668024,0.0
LP26,CC1=CC2=C(C3C2C2CC3C3C2C2=C(C)C(*)=C(C)C=C32)C(C)=C1N1C(=O)C2=C(C=C(C=C2)C(C2=CC=C3C(=O)N(*)C(=O)C3=C2)(C(F)(F)F)C(F)(F)F)C1=O,2491.287303,0.0
LP27,CC1=CC(=CC2=C1C1C2C2CC1C1C2C2=C(C)C=C(*)C=C12)N1C(=O)C2=C(C=C(C=C2)C(C2=CC=C3C(=O)N(*)C(=O)C3=C2)(C(F)(F)F)C(F)(F)F)C1=O,2284.116564,0.0
LP39,CC1=CC(C2=CC(C)=C(*)C3=C2C=CC=C3)=C2C=CC=CC2=C1N1C(=O)C2=CC3=C(C=C2C1=O)C1(CC(C)(C)C2=CC4=C(C=C12)C(=O)N(*)C4=O)CC3(C)C,2817.710355,0.0
LP40,CC1(C)CC2(CC(C)(C)C3=C2C=C2C(=O)N(C(=O)C2=C3)C2=CC3=C(C=C2)C(C)(C)C2(CC4=C(C=CC(*)=C4)C2(C)C)C3)C2=CC3=C(C=C12)C(=O)N(*)C3=O,2880.27874,0.0
LP43,CC1=C(C)C(N2C(=O)C3=CC4=C(C=C3C2=O)C2(CC(C)(C)C3=CC5=C(C=C23)C(=O)N(*)C5=O)CC4(C)C)=C(C)C(C)=C1*,2900.898417,0.0
LP44,CC1C=C(C2=C(C=CC=C2)C1*)C1=C2C=CC=CC2=C(N2C(=O)C3=CC4=C(C=C3C2=O)C2(C)CCC4(C)C3=C2C=C2C(=O)N(*)C(=O)C2=C3)C(C)=C1,2784.804302,0.0
P040317,*CC(*)(CC(=O)Oc1ccc(C)cc1)C(=O)Oc1ccc(C)cc1,2778.564026,0.0
P040320,*CC(*)(C#N)C(=O)OCC,2769.69233,0.0
P040321,*CCC(C(=O)OCC)C(*)C(=O)OCC,3137.024851,0.0
P040329,*C1C(=O)N(c2ccccc2)C(=O)C1*,2606.77132,0.0
P040330,*C1C(=O)N(c2ccc(C)cc2)C(=O)C1*,2691.563087,0.0
P040332,*CC(*)(C)C(=O)Oc1ccc(C)cc1C,3038.908275,0.0
P040336,*CC(*)(C)C(=O)OCCN(CC)S(=O)(=O)C(F)(F)C(F)(F)C(F)(F)C(F)(F)C(F)(F)C(F)(F)C(F)(F)C(F)(F)F,1863.66349,0.0
P040338,*CC(*)(C#N)C(=O)OCCCCCC,3154.847906,0.0
P040339,*CC(*)(C)C(=O)OCC1CO1,2970.176329,0.0
P044251,*CC(*)(C)C(=O)OCCN(CC)c1ccc(/N=N/c2ccc([N+](=O)[O-])cc2)cc1,2925.554233,0.0
P044252,*CC(*)C(=O)OCCN(CC)c1ccc(/N=N/c2ccc([N+](=O)[O-])cc2)cc1,2880.207974,0.0
P044290,*CC(*)C(=O)OCCCCCC(=O)Oc1ccc(-c2ccc(C#N)cc2)cc1,2991.34179,0.0
P044304,*CCCC(*)(C)C(=O)O,2993.186988,0.0
P044351,*CC(*)(C)C(=O)NC(=O)OC(C)COc1c(Br)cc(S(=O)(=O)c2cc(Br)c(OCC(C)O)c(Br)c2)cc1Br,1694.659287,0.0
P044370,*CC(*)C(=O)OCCCCCCOc1ccc(C(=O)Oc2ccc(C#N)cc2)cc1,2736.492133,0.0
P044380,*CC(*)(C)C(=O)OCCCCn1c2ccccc2c2ccccc21,3071.428483,0.0
P462243,*CCCCCCCCCCN/C(C)=N/*,3888.340976,0.0
P390107,*CCCCCOC(=O)CCCCCNC(=O)O*,3916.949096,0.0
P372626,*OC(=O)C(Cc1ccccc1)NC(=O)CCCCCCCCCCC(=O)NC(Cc1ccccc1)C(=O)OC1COC2C(*)COC12,3083.117244,0.0
P460284,*CCN(*)C(=O)CCCCCCCCCCCC,3927.249062,0.0
P460290,*CCN(*)C(=O)CCC(F)(F)C(F)(F)C(F)(F)C(F)(F)C(F)(F)C(F)(F)C(F)(F)C(F)(F)F,1752.106639,0.0
P080179,*OC(C)COC(=O)CCCCSCCCCC(*)=O,3313.134261,0.0
P373666,*Oc1cccc(Oc2ccc(C(=O)Nc3ccc(Oc4ccc(NC(=O)c5ccc(*)cc5)cc4)cc3)cc2)c1C#N,2499.025104,0.0
P130081,*c1ccc(Sc2ccc(N3C(=O)c4ccc(-c5ccc6c(c5)C(=O)N(*)C6=O)cc4C3=O)cc2)cc1,2375.511827,0.0
P370217,*c1nc2cc(-c3ccc4[nH]c(-c5ccc(*)o5)nc4c3)ccc2[nH]1,2498.754016,0.0
P500024,*OS(=O)(=O)c1cccc(S(=O)(=O)Oc2ccc(C3(c4ccc(*)cc4)CCCCC3)cc2)c1,2533.568427,0.0
P382268,*c1sc(*)c2sc(CCCCCCCCC)nc12,3022.500013,0.0
P020088,*CC(*)c1ccc(C(=O)N2CCOCC2)cc1,3026.594351,0.0
P020080,*CC(*)c1ccc(COCCCCCC)cc1,3635.912281,0.0
P020083,*CC(*)c1ccc(COCCOCCCC)cc1,3853.013673,0.0
P020084,*CC(*)c1ccc(C(=O)N(C)C)cc1,3182.399378,0.0
P020085,*CC(*)c1ccc(C(=O)N(CC)CC)cc1,3364.695229,0.0
P020086,*CC(*)c1ccc(C(=O)N2CCCCC2)cc1,3340.172299,0.0
P020087,*CC(*)c1ccc(C(=O)CCN2CCCCC2)cc1,3307.199314,0.0
P080174,*CCCC1CCN(C(=O)SSCCCCSSC(=O)N2CCC(*)CC2)CC1,2798.996977,0.0
P080170,*CCCCOC(=O)SSSSC(=O)O*,2074.059132,0.0
P080169,*CCCCSSCCCSS*,2490.03494,0.0
P090402,*CCc1ccc(CCOC(=O)CCc2ccc(CCC(=O)O*)cc2)cc1,3068.082685,0.0
P090403,*Oc1ccc(/C=N/c2ccc(/N=C/c3ccc(OC(=O)CCCCC(*)=O)c(OC)c3)cc2)cc1OC,2854.747439,0.0
P090404,*Oc1ccc(/C=N/c2ccc(/N=C/c3ccc(OC(=O)c4cccc(C(*)=O)c4)c(OC)c3)cc2)cc1OC,2748.919227,0.0
P090405,*Oc1ccc(/C=N/c2ccc(/N=C/c3ccc(OC(=O)CCCCCCCCC(*)=O)c(OC)c3)cc2)cc1OC,2931.928641,0.0
P090406,*CCc1ccc(CCOC(=O)c2ccc(C(=O)O*)cc2)cc1,2757.658461,0.0
P090407,*CCCCCc1ccc(CCCCCOC(=O)c2ccc(C(=O)O*)cc2)cc1,3153.353376,0.0
P090408,*CCCCc1ccc(CCCCOC(=O)c2ccc(C(=O)O*)cc2)cc1,3006.689481,0.0
P090409,*CCCc1ccc(CCCOC(=O)c2ccc(C(=O)O*)cc2)cc1,2902.206612,0.0
P090420,*CCCCCCCCCCCCCCOC(=O)c1ccc(C(=O)NCCCCCNC(=O)c2ccc(C(=O)O*)cc2)cc1,3399.614986,0.0
P090421,*CCCCCCCCCCCCCCOC(=O)c1ccc(C(=O)NCCCCCCNC(=O)c2ccc(C(=O)O*)cc2)cc1,3146.381127,0.0
P090422,*CCCCCCCCCCCCCCOC(=O)c1ccc(C(=O)NCCNC(=O)c2ccc(C(=O)O*)cc2)cc1,3226.275538,0.0
P090423,*CCCCOC(=O)CCCCCNC(=O)CCCCC(=O)NCCCCCC(=O)O*,3232.905228,0.0
P090424,*CCCCOC(=O)CCCCCCCC(=O)O*,3479.380433,0.0
P090427,*CCCCOC(=O)c1ccccc1-c1ccccc1C(=O)O*,2899.467382,0.0
P090428,*CCCCOC(=O)c1cccc(-c2cccc(C(=O)O*)c2)c1,2941.117471,0.0
P090429,*CCCCOC(=O)c1ccc(-c2ccc(C(=O)O*)cc2)cc1,2885.021218,0.0
P150036,*Oc1ccc(C2(c3ccc(OC(*)=O)cc3)CCCC2)cc1,2704.848158,0.0
P150034,*Oc1ccc(C(CCC)(CCC)c2ccc(OC(*)=O)cc2)cc1,3097.488703,0.0
P150038,*Oc1ccc(C2(c3ccc(OC(*)=O)c(C)c3)CCCCC2)cc1C,3057.273546,0.0
P150039,*Oc1c(Cl)cc(C2(c3cc(Cl)c(OC(*)=O)c(Cl)c3)CCCCC2)cc1Cl,2111.51195,0.0
P150040,*Oc1ccc(C2(c3ccc(OC(*)=O)c(Cl)c3)CCCCC2)cc1Cl,2377.960875,0.0
P214593,*CCc1ccc(*)c(C(=O)OC)c1,3022.824602,0.0
P214592,*CCc1ccc(*)c(C(C)=O)c1,3169.228812,0.0
P214561,*CCc1cc(*)c(C)cc1C,3510.094809,0.0
P214532,*/C(=C(\c1ccccc1)c1ccc(*)cc1)c1ccccc1,2898.418984,0.0
P210050,*c1ccc(C2C(C(=O)Oc3ccccc3)C(*)C2C(=O)Oc2ccccc2)cc1,2812.280662,0.0
P210051,*c1ccc(C2C(C#N)(C(=O)OCCC)C(*)C2(C#N)C(=O)OCCC)cc1,2720.081964,0.0
P210047,*CCCCCCCCCCc1ccc(-c2c(-c3ccccc3)cc(-c3cccc(-c4cc(-c5ccccc5)c(-c5ccc(*)cc5)c(-c5ccccc5)c4-c4ccccc4)c3)c(-c3ccccc3)c2-c2ccccc2)cc1,3066.720492,0.0
P210053,CCNC(=O)OCCCCC(*)=C=C=C(*)CCCCOC(=O)NCC,3611.369538,0.0
P210052,Cc1ccc(cc1)S(=O)(=O)OCCCCC(*)=C=C=C(*)CCCCOS(=O)(=O)c1ccc(C)cc1,2786.685297,0.0
P210046,*CC(c1ccccc1)c1ccc(*)cc1,3113.048869,0.0
P210042,*c1ccc(C(F)(F)C(*)(F)F)cc1,2019.746317,0.0
P373520,*c1ccc(Oc2ccc(-c3csc(/N=C/c4ccc(OCCOc5ccc(/C=N/c6nc(*)cs6)cc5OC)c(OC)c4)n3)cc2)cc1,2599.674595,0.0
P373521,*c1ccc(Oc2ccc(-c3csc(/N=C/c4ccc(OCCCCOc5ccc(/C=N/c6nc(*)cs6)cc5OC)c(OC)c4)n3)cc2)cc1,2621.736741,0.0
P373522,*c1ccc(Oc2ccc(-c3csc(/N=C/c4ccc(OCCCCCCOc5ccc(/C=N/c6nc(*)cs6)cc5OC)c(OC)c4)n3)cc2)cc1,2741.843976,0.0
P373523,*c1ccc(Oc2ccc(-c3csc(/N=C/c4ccc(OCCCCCCCCOc5ccc(/C=N/c6nc(*)cs6)cc5OC)c(OC)c4)n3)cc2)cc1,2911.000749,0.0
P373524,*c1ccc(Oc2ccc(-c3csc(/N=C/c4ccc(OCCCCCCCCCCOc5ccc(/C=N/c6nc(*)cs6)cc5OC)c(OC)c4)n3)cc2)cc1,2872.576148,0.0
P373533,*CC(=O)c1ccc(Oc2ccc(C(=O)COc3ccc(/C=C4\CC/C(=C\c5ccc(O*)cc5)C4=O)cc3)cc2)cc1,2763.889142,0.0
P373534,*CC(=O)c1ccc(Oc2ccc(C(=O)COc3ccc(/C=C4\CC/C(=C\c5ccc(O*)c(OC)c5)C4=O)cc3OC)cc2)cc1,2807.784433,0.0
P412232,*Oc1ccc(/N=C/C=N/c2ccc(OC(=O)NC3CC(C)(C)CC(C)(CNC(*)=O)C3)cc2)cc1,2872.014346,0.0
P412231,*Oc1ccc(/N=C/C=N/c2ccc(OC(=O)Nc3cc(NC(*)=O)ccc3C)cc2)cc1,2684.191766,0.0
P412230,*Oc1ccc(/N=C/C=N/c2ccc(OC(=O)Nc3ccc(Cc4ccc(NC(*)=O)cc4)cc3)cc2)cc1,2626.488772,0.0
P412233,*Oc1ccc(/N=C/C=N/c2ccc(OC(=O)NCCCCCCNC(*)=O)cc2)cc1,2979.667469,0.0
P412234,*Oc1ccc(/N=C/CCC/C=N/c2ccc(OC(=O)Nc3ccc(Cc4ccc(NC(*)=O)cc4)cc3)cc2)cc1,2847.351636,0.0
P412235,*Oc1ccc(/N=C/CCC/C=N/c2ccc(OC(=O)Nc3cc(NC(*)=O)ccc3C)cc2)cc1,2803.051474,0.0
P412236,*Oc1ccc(/N=C/CCC/C=N/c2ccc(OC(=O)NC3CC(C)(C)CC(C)(CNC(*)=O)C3)cc2)cc1,3020.108796,0.0
P412237,*Oc1ccc(/N=C/CCC/C=N/c2ccc(OC(=O)NCCCCCCNC(*)=O)cc2)cc1,3203.583802,0.0
P190004,*OS(=O)(=O)c1cccc(C(=O)c2cccc(S(=O)(=O)Oc3ccc(C(C)(C)c4ccc(*)cc4)cc3)c2)c1,2558.510342,0.0
P190001,*CCC(*)=O,2994.988768,0.0
P190002,*C(=O)C(*)(C)C,3237.747321,0.0
P190003,*Oc1ccc(C(=O)c2ccc(*)cc2)cc1,2609.591988,0.0
P422048,*NC(=O)NCCCCCCNC(=O)Nc1cccc(*)n1,3113.967179,0.0
P422049,*NC(=O)Nc1ccc(Cc2ccc(NC(=O)Nc3cccc(*)n3)cc2)cc1,2682.976915,0.0
P422040,*c1ccc(NC(=O)Nc2ccc(NC(=O)Nc3ccc(-c4nc(C#N)c(C#N)nc4*)cc3)cc2)cc1,2551.985137,0.0
P060020,*CC(*)C=C(C)C,3779.907829,0.0
P060022,*CC/C=C(/*)CCCCCCCCCC,4513.283066,0.0
P060024,*CC/C(C)=C(/*)C,3743.508975,0.0
P060029,*/C=C/C(C)C(*)C,3815.985357,0.0
P060030,*/C=C/C(C)(C)C(*)(C)C,3913.563864,0.0
P060031,*/C=C/C(C(=O)OC(C)C)C(*)C(=O)OC(C)C,3211.379976,0.0
P090089,*CCCCCC(=O)O*,3551.010096,0.0
P050002,*CC(*)Cl,1983.115006,0.0
P210040,*CCc1ccc(-c2ccc(*)cc2)cc1,3172.373617,0.0
P210054,*C(CCCCOC(=O)Nc1ccccc1)=C=C=C(*)CCCCOC(=O)Nc1ccccc1,3061.478328,0.0
P210027,*/C=C/c1ccc(*)cc1,2937.811539,0.0
P210026,*c1cccc(*)c1,2946.06246,0.0
P210018,*CCCCCCCCCCCCCCc1ccc(-c2c(-c3ccccc3)cc(-c3ccc(-c4cc(-c5ccccc5)c(-c5ccc(*)cc5)c(-c5ccccc5)c4-c4ccccc4)cc3)c(-c3ccccc3)c2-c2ccccc2)cc1,3110.623494,0.0
P210024,*CCc1ccc(*)c2ccccc12,3075.687232,0.0
P210030,*c1ccc(C2C(C(=O)OCC)C(*)C2C(=O)OCC)cc1,2847.871294,0.0
P214530,*CCc1c(Cl)c(Cl)c(*)c(Cl)c1Cl,1548.229569,0.0
P210031,*C(Cn1c2ccccc2c2ccccc12)=C=C=C(*)Cn1c2ccccc2c2ccccc12,2784.194637,0.0
P200009,*C1CCCCC1S(*)(=O)=O,2667.793339,0.0
P200020,*CC(C)S(*)(=O)=O,2536.583548,0.0
P200008,*CCCNS(*)(=O)=O,2577.924727,0.0
P200018,*c1ccc(Cc2ccc(S(*)(=O)=O)cc2)cc1,2471.941781,0.0
P200003,*CCCCCCS(=O)(=O)CCCCCS(*)(=O)=O,2998.736639,0.0
P200016,*CC(C)(C)CS(*)(=O)=O,2488.750474,0.0
P200002,*CCCCCCS(*)(=O)=O,3041.464724,0.0
P200014,*CCCS(*)(=O)=O,2551.288453,0.0
P200001,*OS(=O)(=O)c1cccc(S(=O)(=O)Oc2ccc(C(C)(C)c3ccc(*)cc3)cc2)c1,2444.126503,0.0
P204529,*OS(=O)(=O)c1ccc(-c2ccc(S(=O)(=O)Oc3ccc(-c4ccc(*)cc4)cc3)cc2)cc1,2167.483419,0.0
P312041,*CCC1CCC(*)C1,3917.524307,0.0
P312042,*CCC1CC(*)C2C3CCC(C3)C12,3785.877099,0.0
P312022,*C1CCC(*)C1,3873.147994,0.0
P312036,*C1CC2CC1C(*)C2CCCCCCCCCC,4249.47188,0.0
P312009,*CCCCCC(*)CCCCCCCC,4037.052106,0.0
P312035,*C1CC2CC1C(*)C2CCCCCC,4065.457242,0.0
P312034,*C1CC2CC1C(*)C2CCCC,3925.99815,0.0
P312008,*CCCCCC(*)CCCCCC,4201.623843,0.0
P312030,*CCC([2H])C(*)([2H])C,4092.814898,0.0
P312024,*C1C2CCC(C2)C1*,3671.011256,0.0
P310009,*C1CC2C3CCC(C3)C2C1*,3632.348472,0.0
P320018,*CC(*)c1cccc(OC(C)=O)c1,2677.975013,0.0
P322169,*CC(*)c1c(F)c(F)c(C(F)(F)F)c(F)c1F,1864.593568,0.0
P322141,*CC(*)c1ccc(-c2ccc3c(c2)C(CCCCCC)(CCCCCC)c2cc(-c4ccc5c(c4)C(CCCCCC)(CCCCCC)c4ccccc4-5)ccc2-3)cc1,3372.906333,0.0
P322009,*CC(*)c1ccc(COc2ccc(-c3ccc(C#N)cc3)cc2)cc1,2905.027717,0.0
P322021,*CCCCCCCCCCCC(c1ccc(O)cc1)C(*)c1ccc(O)cc1C,3625.437745,0.0
P322020,*CCCCCCCCCCC(c1ccc(O)cc1)C(*)c1ccc(O)cc1C,3504.302287,0.0
P322154,*CC(*)c1cccc(N(c2ccc(C)cc2)c2ccc(C)cc2)c1,2991.5887,0.0
P322140,*CC(*)c1ccc(-c2ccc3c(c2)C(CCCCCC)(CCCCCC)c2ccccc2-3)cc1,3310.799406,0.0
P320019,*CC(*)c1cccc(NC(C)=O)c1,3076.676761,0.0
P322022,*CCCCCCCCCCCCC(c1ccc(O)cc1)C(*)c1ccc(O)cc1C,3623.65026,0.0
P320026,*CC(*)c1c([2H])c([2H])c([2H])c([2H])c1[2H],3267.247698,0.0
P320022,*CC(*)c1ccc(S(=O)(=O)O)cc1,2431.515658,0.0
P322147,*CC(*)c1cc(-c2ccc(C(=O)OC(C)CCCCCC)cc2)ccc1-c1ccc(C(=O)OC(C)CCCCCC)cc1,3285.596459,0.0
P322231,*CC(*)c1ccccc1,3288.241386,0.0
P322027,*CC(*)c1ccc(O)c(OC)c1,3075.303569,0.0
P410035,*CCN(CCOC(=O)Nc1ccc(Cc2ccc(NC(=O)O*)cc2)cc1)c1ccc(/N=N/c2ccc([N+](=O)[O-])cc2)c(C)c1,2671.658129,0.0
P410009,*CCN(CCOC(=O)Nc1ccc(C)c(NC(=O)O*)c1)c1ccc(/N=N/c2ccc([N+](=O)[O-])cc2)cc1,2570.958465,0.0
P410034,*CCN(CCOC(=O)NCCCCCCNC(=O)O*)c1ccc(/N=N/c2ccc([N+](=O)[O-])cc2)c(C)c1,2802.10216,0.0
P410027,*CC(C)(COC(=O)Nc1ccc(Cc2ccc(NC(=O)O*)cc2)cc1)CN(C)C,3015.286648,0.0
P410033,*CCCNC(=O)O*,2568.567791,0.0
P410024,*CC(C)(COC(=O)NCCCCCCNC(=O)O*)CN(C)C,3290.763565,0.0
P410025,*COC(=O)NCCCCCCNC(=O)OCc1cccc(*)n1,3000.866799,0.0
P400236,*CCCCCCCCOC(=O)NNC(=O)CCCCCCCCC(=O)NNC(=O)O*,3327.163641,0.0
P410001,*CCOC(=O)N(Cc1ccccc1)c1ccc(C)c(N(Cc2ccccc2)C(=O)O*)c1,2876.980776,0.0
P410016,*CCCCOC(=O)NC1CCC(CC2CCC(NC(=O)O*)CC2)CC1,3356.797105,0.0
P410002,*CCCOC(=O)N1CCC(*)CC1,3347.335486,0.0
P433376,*C(=O)Nc1ccc(C2(c3ccc(NC(=O)c4ccc5c(c4)C(=O)N(c4ccc(C6(c7ccc(N8C(=O)c9ccc(*)cc9C8=O)cc7)c7ccccc7-c7ccccc76)cc4)C5=O)cc3)c3ccccc3-c3ccccc32)cc1,2616.524163,0.0
P432068,*c1ccc(Oc2ccc(Oc3ccc(N4C(=O)C(c5ccccc5)=C(c5ccc(C6=C(c7ccccc7)C(=O)N(*)C6=O)cc5)C4=O)cc3)cc2)cc1,2589.518731,0.0
P430119,*c1cccc(C(=O)Nc2ccc(Oc3ccc(Oc4ccc(NC(=O)c5cccc(N6C(=O)c7ccc(-c8cccc9c8C(=O)N(*)C9=O)cc7C6=O)c5)cc4)cc3)cc2)c1,2521.684497,0.0
P433362,*C(=O)Nc1ccc(NC(=O)c2ccc3c(c2)C(=O)N(c2ccc(Oc4cccc5c(N6C(=O)c7ccc(*)cc7C6=O)cccc45)cc2)C3=O)cc1,2512.061408,0.0
P462139,*Nc1ccc(*)c(Cl)c1Cl,1816.390601,0.0
P430125,*CC(C)(C)C1C(=O)N(C)C(=O)C1*,3128.692584,0.0
P460074,*CCCCc1nc2cc3nc(*)[nH]c3cc2[nH]1,2914.170341,0.0
P450038,*Oc1ccc(C2(c3ccc(OC(*)=O)cc3)CC(C)CC(C)(C)C2)cc1,3024.065712,0.0
P040001,*CC(*)C(=O)O,2733.99145,0.0
P040002,*CC(*)C(=O)OC,2802.039721,0.0
P070074,*Oc1ccc(*)cc1,2630.297621,0.0
P390114,*CCCCCCCCCCCCCCCCCCCCOC(=O)Cc1ccc(CC(=O)O*)cc1,3690.903489,0.0
